﻿<?xml version="1.0" encoding="utf-8" ?>
<PSCommands>  
  <PSCommand type="EventLog">
    <CommandId>1</CommandId>
    <CommandName>Get-WinEvent</CommandName>
    <Description>Load Event View Data</Description>
  </PSCommand>
  <PSCommand type="Jobs">
    <CommandId>2</CommandId>
    <CommandName> Remove-EventLog -LogName</CommandName>
    <Description>Delete Event Log Data</Description>
  </PSCommand>
  <PSCommand type="Jobs">
    <CommandId>3</CommandId>
    <CommandName> MVDev,restoreCODISDatabase.ps1</CommandName>
    <Description>Restore Developement CODIS Databases from the Artifactory</Description>
  </PSCommand>
  <PSCommand type="Jobs">
    <CommandId>4</CommandId>
    <CommandName> MVDev,restoreCODISDatabase.ps1</CommandName>
    <Description>Create Environment Variable for Development</Description>
  </PSCommand>
  <PSCommand type="Jobs">
    <CommandId>5</CommandId>
    <CommandName> MVDev,StartServices.ps1</CommandName>
    <Description>Start CAS, NGISS</Description>
  </PSCommand>
  <PSCommand type="Jobs">
    <CommandId>6</CommandId>
    <CommandName> MVDev,CheckServices.ps1</CommandName>
    <Description>Verify CAS, NGISS</Description>
  </PSCommand>
  <PSCommand type="Jobs">
    <CommandId>7</CommandId>
    <CommandName> MVDev,CreateServices.ps1</CommandName>
    <Description>Create CAS, NGISS</Description>
  </PSCommand>
  <PSCommand type="Jobs">
    <CommandId>8</CommandId>
    <CommandName> MVDev,CODIS_REG_Update.ps1</CommandName>
    <Description>Check CODIS Registry for Development</Description>
  </PSCommand>
  <PSCommand type="Jobs">
    <CommandId>9</CommandId>
    <CommandName> MVDev/StopServices.ps1</CommandName>
    <Description>Stop CAS, NGISS</Description>
  </PSCommand>
  <PSCommand type="Code Generator">
    <CommandId>10</CommandId>
    <CommandName> MVDev/XSDCODeGen.ps1</CommandName>    
    <Description>Create Data Object from XML/XSD</Description>
  </PSCommand>
</PSCommands>