<?xml version="1.0"?>
<doc>
    <assembly>
        <name>Microsoft.VisualStudio.Services.Client.Interactive</name>
    </assembly>
    <members>
        <member name="M:Microsoft.VisualStudio.Services.Client.CredentialStorageUtility.GetCredentials(Microsoft.VisualStudio.Services.Common.TokenStorage.VssToken)">
            <summary>
            Returns a credentials object for the specified initial token and no additional
            information to obtain a new token if the initial one fails. The credentials will
            only work if the initial token is valid.
            </summary>
            <param name="token"></param>
            <returns></returns>
        </member>
        <member name="M:Microsoft.VisualStudio.Services.Client.CredentialStorageUtility.GetTokenFromString(Microsoft.VisualStudio.Services.Common.VssCredentialsType,System.String)">
            <summary>
            
            </summary>
            <param name="credentialsType"></param>
            <param name="tokenValue"></param>
            <returns></returns>
        </member>
        <member name="M:Microsoft.VisualStudio.Services.Client.CredentialStorageUtility.GetTokenAsString(Microsoft.VisualStudio.Services.Common.IssuedToken)">
            <summary>
            
            </summary>
            <param name="token"></param>
            <returns></returns>
        </member>
        <member name="T:Microsoft.VisualStudio.Services.Client.VssAadCredential">
            <summary>
            Currently it is impossible to get whether prompting is allowed from the credential itself without reproducing the logic
            used by VssClientCredentials. Since this is a stop gap solution to get Windows integrated authentication to work against
            AAD via ADFS for now this class will only support that one, non-interactive flow. We need to assess how much we want to
            invest in this legacy stack rather than recommending people move to the VssConnect API for future authentication needs.
            </summary>
        </member>
        <member name="M:Microsoft.VisualStudio.Services.Client.VssAadTokenProvider.OnGetTokenAsync(Microsoft.VisualStudio.Services.Common.IssuedToken,System.Threading.CancellationToken)">
            <summary>
            Temporary implementation since we don't have a good configuration story here at the moment.
            </summary>
        </member>
        <member name="T:Microsoft.VisualStudio.Services.Client.VssClientCredentials">
            <summary>
            Provides credentials to use when connecting to a Visual Studio Service.
            </summary>
        </member>
        <member name="M:Microsoft.VisualStudio.Services.Client.VssClientCredentials.#ctor">
            <summary>
            Initializes a new <c>VssClientCredentials</c> instance with default credentials.
            </summary>
        </member>
        <member name="M:Microsoft.VisualStudio.Services.Client.VssClientCredentials.#ctor(System.Boolean)">
            <summary>
            Initializes a new <c>VssClientCredentials</c> instance with default credentials if specified.
            </summary>
            <param name="useDefaultCredentials">True to use default windows credentials; otherwise, false</param>
        </member>
        <member name="M:Microsoft.VisualStudio.Services.Client.VssClientCredentials.#ctor(Microsoft.VisualStudio.Services.Common.IVssCredentialPrompt)">
            <summary>
            Initializes a new <c>VssClientCredentials</c> instance with default credentials and the 
            specified credential prompt.
            </summary>
            <param name="credentialPrompt">The prompt to get credentials</param>
        </member>
        <member name="M:Microsoft.VisualStudio.Services.Client.VssClientCredentials.#ctor(Microsoft.VisualStudio.Services.Common.WindowsCredential)">
            <summary>
            Initializes a new <c>VssClientCredentials</c> instance with the specified windows credential and
            default issued token credential.
            </summary>
            <param name="windowsCredential">The windows credential to use for authentication</param>
        </member>
        <member name="M:Microsoft.VisualStudio.Services.Client.VssClientCredentials.#ctor(Microsoft.VisualStudio.Services.Common.WindowsCredential,Microsoft.VisualStudio.Services.Common.CredentialPromptType)">
            <summary>
            Initializes a new <c>VssClientCredentials</c> instance with the specified windows credential and
            default issued token credential.
            </summary>
            <param name="windowsCredential">The windows credential to use for authentication</param>
            <param name="promptType">CredentialPromptType.PromptIfNeeded if interactive prompts are allowed, otherwise CredentialProptType.DoNotPrompt</param>
        </member>
        <member name="M:Microsoft.VisualStudio.Services.Client.VssClientCredentials.#ctor(Microsoft.VisualStudio.Services.Common.FederatedCredential)">
            <summary>
            Initializes a new <c>VssClientCredentials</c> instance with the specified windows credential and
            default issued token credential.
            </summary>
            <param name="federatedCredential">The federated credential to use for authentication</param>
        </member>
        <member name="M:Microsoft.VisualStudio.Services.Client.VssClientCredentials.#ctor(Microsoft.VisualStudio.Services.Common.WindowsCredential,Microsoft.VisualStudio.Services.Common.FederatedCredential)">
            <summary>
            Initializes a new <c>VssClientCredentials</c> instance with the specified windows and issued token 
            credential.
            </summary>
            <param name="windowsCredential">The windows credential to use for authentication</param>
            <param name="federatedCredential">The federated credential to use for authentication</param>
        </member>
        <member name="M:Microsoft.VisualStudio.Services.Client.VssClientCredentials.#ctor(Microsoft.VisualStudio.Services.Common.WindowsCredential,Microsoft.VisualStudio.Services.Common.FederatedCredential,Microsoft.VisualStudio.Services.Common.CredentialPromptType)">
            <summary>
            Initializes a new <c>VssClientCredentials</c> instance with the specified windows and issued token 
            credential.
            </summary>
            <param name="windowsCredential">The windows credential to use for authentication</param>
            <param name="federatedCredential">The federated credential to use for authentication</param>
            <param name="promptType">CredentialPromptType.PromptIfNeeded if interactive prompts are allowed, otherwise CredentialProptType.DoNotPrompt</param>
        </member>
        <member name="M:Microsoft.VisualStudio.Services.Client.VssClientCredentials.#ctor(Microsoft.VisualStudio.Services.Common.WindowsCredential,Microsoft.VisualStudio.Services.Common.FederatedCredential,Microsoft.VisualStudio.Services.Common.CredentialPromptType,System.Threading.Tasks.TaskScheduler)">
            <summary>
            Initializes a new <c>VssClientCredentials</c> instance with the specified windows and issued token 
            credential.
            </summary>
            <param name="windowsCredential">The windows credential to use for authentication</param>
            <param name="federatedCredential">The federated credential to use for authentication</param>
            <param name="promptType">CredentialPromptType.PromptIfNeeded if interactive prompts are allowed; otherwise, CredentialProptType.DoNotPrompt</param>
            <param name="scheduler">An optional <c>TaskScheduler</c> to ensure credentials prompting occurs on the UI thread</param>
        </member>
        <member name="M:Microsoft.VisualStudio.Services.Client.VssClientCredentials.#ctor(Microsoft.VisualStudio.Services.Common.WindowsCredential,Microsoft.VisualStudio.Services.Common.FederatedCredential,Microsoft.VisualStudio.Services.Common.CredentialPromptType,System.Threading.Tasks.TaskScheduler,Microsoft.VisualStudio.Services.Common.IVssCredentialPrompt)">
            <summary>
            Initializes a new <c>VssCredentials</c> instance with the specified windows and issued token 
            credential.
            </summary>
            <param name="windowsCredential">The windows credential to use for authentication</param>
            <param name="federatedCredential">The federated credential to use for authentication</param>
            <param name="promptType">CredentialPromptType.PromptIfNeeded if interactive prompts are allowed; otherwise, CredentialProptType.DoNotPrompt</param>
            <param name="scheduler">An optional <c>TaskScheduler</c> to ensure credentials prompting occurs on the UI thread</param>
            <param name="credentialPrompt">An optional <c>IVssCredentialPrompt</c> to perform prompting for credentials</param>
        </member>
        <member name="M:Microsoft.VisualStudio.Services.Client.VssClientCredentials.op_Implicit(Microsoft.VisualStudio.Services.Common.FederatedCredential)~Microsoft.VisualStudio.Services.Client.VssClientCredentials">
            <summary>
            Implicitly converts a <c>FederatedCredential</c> instance into a <c>VssClientCredentials</c> instance.
            </summary>
            <param name="credential">The federated credential instance</param>
            <returns>A new <c>VssClientCredentials</c> instance which wraps the specified credential</returns>
        </member>
        <member name="M:Microsoft.VisualStudio.Services.Client.VssClientCredentials.op_Implicit(Microsoft.VisualStudio.Services.Common.WindowsCredential)~Microsoft.VisualStudio.Services.Client.VssClientCredentials">
            <summary>
            Implicitly converts a <c>WindowsCredential</c> instance into a <c>VssClientCredentials</c> instance.
            </summary>
            <param name="credential">The windows credential instance</param>
            <returns>A new <c>VssClientCredentials</c> instance which wraps the specified credential</returns>
        </member>
        <member name="T:Microsoft.VisualStudio.Services.Client.VssClientCredentialStorage">
            <summary>
            A helper class that adds Token Storage support to normal VssClientCredentials.
            </summary>
        </member>
        <member name="M:Microsoft.VisualStudio.Services.Client.VssClientCredentialStorage.#ctor(System.String,Microsoft.VisualStudio.Services.Common.TokenStorage.VssTokenStorage)">
            <summary>
            
            </summary>
            <param name="storageKind"></param>
            <param name="tokenStorage"></param>
        </member>
        <member name="P:Microsoft.VisualStudio.Services.Client.VssClientCredentialStorage.TokenStorage">
            <summary>
            
            </summary>
        </member>
        <member name="P:Microsoft.VisualStudio.Services.Client.VssClientCredentialStorage.TokenKind">
            <summary>
            
            </summary>
        </member>
        <member name="M:Microsoft.VisualStudio.Services.Client.VssClientCredentialStorage.RetrieveToken(System.Uri,Microsoft.VisualStudio.Services.Common.VssCredentialsType)">
            <summary>
            
            </summary>
            <param name="serverUrl"></param>
            <param name="credentialsType"></param>
            <returns></returns>
        </member>
        <member name="M:Microsoft.VisualStudio.Services.Client.VssClientCredentialStorage.StoreToken(System.Uri,Microsoft.VisualStudio.Services.Common.IssuedToken)">
            <summary>
            
            </summary>
            <param name="serverUrl"></param>
            <param name="token"></param>
        </member>
        <member name="M:Microsoft.VisualStudio.Services.Client.VssClientCredentialStorage.RemoveToken(System.Uri,Microsoft.VisualStudio.Services.Common.IssuedToken)">
            <summary>
            
            </summary>
            <param name="serverUrl"></param>
            <param name="token"></param>
        </member>
        <member name="M:Microsoft.VisualStudio.Services.Client.VssClientCredentialStorage.RemoveTokenValues(System.Guid)">
            <summary>
            
            </summary>
            <param name="userId"></param>
        </member>
        <member name="M:Microsoft.VisualStudio.Services.Client.VssClientCredentialStorage.BuildTokenKey(System.Uri,Microsoft.VisualStudio.Services.Common.VssCredentialsType)">
            <summary>
            
            </summary>
            <returns></returns>
        </member>
        <member name="T:Microsoft.VisualStudio.Services.Client.VssFederatedCredential">
            <summary>
            Provides federated authentication with a hosted <c>VssConnection</c> instance using cookies.
            </summary>
        </member>
        <member name="M:Microsoft.VisualStudio.Services.Client.VssFederatedCredential.#ctor">
            <summary>
            Initializes a new <c>VssFederatedCredential</c> instance.
            </summary>
        </member>
        <member name="M:Microsoft.VisualStudio.Services.Client.VssFederatedCredential.#ctor(System.Boolean)">
            <summary>
            Initializes a new <c>VssFederatedCredential</c> instance.
            </summary>
        </member>
        <member name="M:Microsoft.VisualStudio.Services.Client.VssFederatedCredential.#ctor(Microsoft.VisualStudio.Services.Client.VssFederatedToken)">
            <summary>
            Initializes a new <c>VssFederatedCredential</c> instance.
            </summary>
            <param name="initialToken">The initial token if available</param>
        </member>
        <member name="P:Microsoft.VisualStudio.Services.Client.VssFederatedCredential.CredentialType">
            <summary>
            
            </summary>
        </member>
        <member name="T:Microsoft.VisualStudio.Services.Client.VssFederatedToken">
            <summary>
            Provides a cookie-based authentication token.
            </summary>
        </member>
        <member name="M:Microsoft.VisualStudio.Services.Client.VssFederatedToken.#ctor(System.Net.CookieCollection)">
            <summary>
            Initializes a new <c>VssFederatedToken</c> instance using the specified cookies.
            </summary>
            <param name="cookies"></param>
        </member>
        <member name="P:Microsoft.VisualStudio.Services.Client.VssFederatedToken.CookieCollection">
            <summary>
            Returns the CookieCollection contained within this token. For internal use only.
            </summary>
        </member>
        <member name="T:Microsoft.VisualStudio.Services.Client.VssFederatedTokenProvider">
            <summary>
            Provides authentication for internet identities using single-sign-on cookies.
            </summary>
        </member>
        <member name="P:Microsoft.VisualStudio.Services.Client.VssFederatedTokenProvider.Credential">
            <summary>
            Gets the federated credential from which this provider was created.
            </summary>
        </member>
        <member name="P:Microsoft.VisualStudio.Services.Client.VssFederatedTokenProvider.GetTokenIsInteractive">
            <summary>
            Gets a value indicating whether or not a call to get token will require interactivity.
            </summary>
        </member>
        <member name="P:Microsoft.VisualStudio.Services.Client.VssFederatedTokenProvider.Issuer">
            <summary>
            Gets the issuer for the token provider.
            </summary>
        </member>
        <member name="P:Microsoft.VisualStudio.Services.Client.VssFederatedTokenProvider.Realm">
            <summary>
            Gets the realm for the token provider.
            </summary>
        </member>
        <member name="M:Microsoft.VisualStudio.Services.Client.VssOAuthCredential.#ctor(Microsoft.VisualStudio.Services.Client.VssOAuthTokenContainer)">
            <summary>
            Initializes a new <c>VssOAuthCredential</c> instance with the specified initial token.
            </summary>
            <param name="initialToken">The initial token to use  on the resource server before attempting to contact 
            the authorization server for another grant or new access token. Usually this token will have been 
            persisted by the caller and is used here to resume the session</param>
        </member>
        <member name="M:Microsoft.VisualStudio.Services.Client.VssOAuthCredential.#ctor(System.String)">
            <summary>
            Initializes a new <c>VssOAuthCredential</c> instance with the provided access token.
            </summary>
            <param name="accessToken">The OAuth access token</param>
        </member>
        <member name="M:Microsoft.VisualStudio.Services.Client.VssOAuthCredential.#ctor(Microsoft.VisualStudio.Services.Client.VssOAuthToken)">
            <summary>
            Initializes a new <c>VssOAuthCredential</c> instance with the provided access token.
            </summary>
            <param name="accessToken">The OAuth access token</param>
        </member>
        <member name="M:Microsoft.VisualStudio.Services.Client.VssOAuthCredential.#ctor(System.Uri,System.String,System.String,System.String)">
            <summary>
            Initializes a new <c>VssOAuthCredential</c> instance with the specified client id and secret and either an
            authorization code or a refresh token
            </summary>
            <param name="clientId">The client id</param>
            <param name="clientSecret">The client secret</param>
            <param name="authCodeOrRefreshToken">Either an authorization code or a refresh token which can be used
            to obtain an access token (and a new refresh token)</param>
        </member>
        <member name="M:Microsoft.VisualStudio.Services.Client.VssOAuthCredential.#ctor(System.Uri,System.String,System.String,System.String,System.Action{Microsoft.VisualStudio.Services.Client.VssOAuthTokenContainer})">
            <summary>
            Initializes a new <c>VssOAuthCredential</c> instance with the specified client id and secret and either an
            authorization code or a refresh token
            </summary>
            <param name="authorizationUri">The base URI of the authorization server. This is usually the same
            as the URI of the TFS server</param>
            <param name="clientId">The client id</param>
            <param name="clientSecret">The client secret</param>
            <param name="authCodeOrRefreshToken">Either an authorization code or a refresh token which can be used
            to obtain an access token (and a new refresh token)</param>
            <param name="tokensReceived">Allow API consumers to obtain the received access token and refresh token in case they need to be
            persisted for future access</param>
        </member>
        <member name="M:Microsoft.VisualStudio.Services.Client.VssOAuthCredential.#ctor(System.Uri,System.String,System.String,Microsoft.VisualStudio.Services.Client.VssOAuthTokenContainer,System.Action{Microsoft.VisualStudio.Services.Client.VssOAuthTokenContainer})">
            <summary>
            Initializes a new <c>VssOAuthCredential</c> instance with the specified client id and secret and an
            initial token
            </summary>
            <param name="authorizationUri">The base URI of the authorization server. This is usually the same
            as the URI of the TFS server</param>
            <param name="clientId">The client id</param>
            <param name="clientSecret">The client secret</param>
            <param name="initialToken">The initial token to use  on the resource server before attempting to contact the authorization server
            (for another grant or new access token). Usually this token will have been persisted by the caller and is
            used here to resume the session</param>
            <param name="tokensReceived">Allow API consumers to obtain the received access token and refresh token in case they need to be
            persisted for future access</param>
        </member>
        <member name="P:Microsoft.VisualStudio.Services.Client.VssOAuthCredential.CredentialType">
            <summary>
            
            </summary>
        </member>
        <member name="P:Microsoft.VisualStudio.Services.Client.VssOAuthCredential.ClientId">
            <summary>
            Gets the client id.
            </summary>
        </member>
        <member name="P:Microsoft.VisualStudio.Services.Client.VssOAuthCredential.ClientSecret">
            <summary>
            Gets the client secret.
            </summary>
        </member>
        <member name="P:Microsoft.VisualStudio.Services.Client.VssOAuthCredential.TokensReceived">
            <summary>
            The API-consumer-provided callback to invoke when an access token and a refresh token
            are obtained from the authorization server
            </summary>
        </member>
        <member name="M:Microsoft.VisualStudio.Services.Client.VssOAuthCredential.IsAuthenticationChallenge(Microsoft.VisualStudio.Services.Common.IHttpResponse)">
            <summary>
            
            </summary>
            <param name="webResponse"></param>
            <returns></returns>
        </member>
        <member name="M:Microsoft.VisualStudio.Services.Client.VssOAuthCredential.OnCreateTokenProvider(System.Uri,Microsoft.VisualStudio.Services.Common.IHttpResponse)">
            <summary>
            Creates a provider for retrieving security tokens for the provided credentials.
            </summary>
            <returns>An issued token provider for the current credential</returns>
        </member>
        <member name="T:Microsoft.VisualStudio.Services.Client.VssOAuthTokenType">
            <summary>
            The type of OAuth token
            </summary>
        </member>
        <member name="T:Microsoft.VisualStudio.Services.Client.VssOAuthToken">
            <summary>
            Provides a token used for OAuth delegation based authentication
            </summary>
        </member>
        <member name="M:Microsoft.VisualStudio.Services.Client.VssOAuthToken.#ctor(System.String)">
            <summary>
            Constructs a new <c>OAuthToken</c> instance of type <c>VssOAuthTokenType.AccessToken</c>.
            </summary>
            <param name="token"></param>
        </member>
        <member name="M:Microsoft.VisualStudio.Services.Client.VssOAuthToken.#ctor(System.String,Microsoft.VisualStudio.Services.Client.VssOAuthTokenType)">
            <summary>
            
            </summary>
            <param name="token"></param>
            <param name="tokenType"></param>
        </member>
        <member name="M:Microsoft.VisualStudio.Services.Client.VssOAuthToken.#ctor(System.String,Microsoft.VisualStudio.Services.Client.VssOAuthTokenType,System.DateTime)">
            <summary>
            
            </summary>
            <param name="token"></param>
            <param name="tokenType"></param>
        </member>
        <member name="P:Microsoft.VisualStudio.Services.Client.VssOAuthToken.Token">
            <summary>
            Gets the underlying token as string
            </summary>
        </member>
        <member name="P:Microsoft.VisualStudio.Services.Client.VssOAuthToken.TokenType">
            <summary>
            Gets the type of OAuth token
            </summary>
        </member>
        <member name="P:Microsoft.VisualStudio.Services.Client.VssOAuthToken.Expiration">
            <summary>
            The expiration time of the token
            </summary>
        </member>
        <member name="T:Microsoft.VisualStudio.Services.Client.VssOAuthTokenContainer">
            <summary>
            A container to encapsulate an OAuth access token and an OAuth refresh token (or authorization code)
            </summary>
        </member>
        <member name="P:Microsoft.VisualStudio.Services.Client.VssOAuthTokenContainer.AccessToken">
            <summary>
            The access code used to prove authorization on the resource server
            </summary>
        </member>
        <member name="P:Microsoft.VisualStudio.Services.Client.VssOAuthTokenContainer.RefreshToken">
            <summary>
            The refresh token (or authorization code)
            </summary>
        </member>
        <member name="M:Microsoft.VisualStudio.Services.Client.VssOAuthTokenContainer.ApplyTo(Microsoft.VisualStudio.Services.Common.IHttpRequest)">
            <summary>
            
            </summary>
            <param name="message"></param>
        </member>
        <member name="M:Microsoft.VisualStudio.Services.Client.VssOAuthTokenContainer.ExtractTokens(System.IO.Stream)">
            <summary>
            Extract the OAuth tokens from the response data
            </summary>
            <param name="stream"></param>
            <returns></returns>
        </member>
        <member name="M:Microsoft.VisualStudio.Services.Client.VssOAuthTokenContainer.FromAccessToken(System.String)">
            <summary>
            Build an OAuth token from an access token.
            </summary>
            <param name="accessToken"></param>
            <returns></returns>
        </member>
        <member name="M:Microsoft.VisualStudio.Services.Client.VssOAuthTokenContainer.FromAuthCodeOrRefreshToken(System.String)">
            <summary>
            Build an OAuth token from a refresh token or an authorization code.
            </summary>
            <param name="authCodeOrRefreshToken"></param>
            <returns></returns>
        </member>
        <member name="P:Microsoft.VisualStudio.Services.Client.VssOAuthTokenProvider.Credential">
            <summary>
            Gets the OAuth token credential from which this provider was created.
            </summary>
        </member>
        <member name="P:Microsoft.VisualStudio.Services.Client.VssOAuthTokenProvider.GetTokenIsInteractive">
            <summary>
            Gets a value indicating whether or not a call to get token will require interactivity.
            </summary>
        </member>
        <member name="M:Microsoft.VisualStudio.Services.Client.VssOAuthTokenProvider.OnGetTokenAsync(Microsoft.VisualStudio.Services.Common.IssuedToken,System.Threading.CancellationToken)">
            <summary>
            Issues a request to synchronously retrieve a token for the associated credential.
            </summary>
            <returns></returns>
        </member>
        <member name="T:Microsoft.VisualStudio.Services.Client.AccountManagement.AccountInitializationData">
            <summary>
            Data used to initialize an account.
            </summary>
        </member>
        <member name="P:Microsoft.VisualStudio.Services.Client.AccountManagement.AccountInitializationData.DisplayInfo">
            <summary>
            Information displayed, usually to an end user
            </summary>
        </member>
        <member name="P:Microsoft.VisualStudio.Services.Client.AccountManagement.AccountInitializationData.UniqueId">
            <summary>
            UniqueId for the account
            </summary>
        </member>
        <member name="P:Microsoft.VisualStudio.Services.Client.AccountManagement.AccountInitializationData.Authenticator">
            <summary>
            Name of the authenticator for the account. This is normally the IDP such as live.com, or STS
            </summary>
        </member>
        <member name="P:Microsoft.VisualStudio.Services.Client.AccountManagement.AccountInitializationData.ParentProviderId">
            <summary>
            UniqueId for the account provider that created this account
            </summary>
        </member>
        <member name="P:Microsoft.VisualStudio.Services.Client.AccountManagement.AccountInitializationData.Properties">
            <summary>
            Set of properties on the account
            </summary>
        </member>
        <member name="P:Microsoft.VisualStudio.Services.Client.AccountManagement.AccountInitializationData.SupportedAccountProviders">
            <summary>
            Set of supported account providers. This is a list in addition to the ParentProviderId that will work with this account
            </summary>
        </member>
        <member name="P:Microsoft.VisualStudio.Services.Client.AccountManagement.AccountInitializationData.NeedsReauthentication">
            <summary>
            Does the account need reauthentication
            </summary>
        </member>
        <member name="T:Microsoft.VisualStudio.Services.Client.AccountManagement.Account">
            <summary>
            Representation of an account on the keychain. 
            </summary>
        </member>
        <member name="F:Microsoft.VisualStudio.Services.Client.AccountManagement.Account.AccountMemberComparer">
            <summary>
            Comparer to compare the contents to two different accounts to determine if they are equal
            </summary>
        </member>
        <member name="M:Microsoft.VisualStudio.Services.Client.AccountManagement.Account.#ctor(Microsoft.VisualStudio.Services.Client.AccountManagement.AccountInitializationData)">
            <summary>
            Constructor
            </summary>
            <param name="initializationData">Initialization data</param>
        </member>
        <member name="P:Microsoft.VisualStudio.Services.Client.AccountManagement.Account.Authenticator">
            <summary>
            Name of the authenticator for the account. This is normally the IDP such as live.com, or STS
            </summary>
        </member>
        <member name="P:Microsoft.VisualStudio.Services.Client.AccountManagement.Account.SupportedAccountProviders">
            <summary>
            Set of supported account providers. This is a list in addition to the ParentProviderId that will work with this account
            </summary>
        </member>
        <member name="P:Microsoft.VisualStudio.Services.Client.AccountManagement.Account.DisplayInfo">
            <summary>
            Information displayed, usually to an end user
            </summary>
        </member>
        <member name="P:Microsoft.VisualStudio.Services.Client.AccountManagement.Account.Properties">
            <summary>
            Set of properties on the account
            </summary>
        </member>
        <member name="P:Microsoft.VisualStudio.Services.Client.AccountManagement.Account.NeedsReauthentication">
            <summary>
            Does the account need reauthentication
            </summary>
        </member>
        <member name="M:Microsoft.VisualStudio.Services.Client.AccountManagement.Account.InitializationDataFromAccount">
            <summary>
            Get initialization data from an account
            </summary>
            <returns></returns>
        </member>
        <member name="T:Microsoft.VisualStudio.Services.Client.AccountManagement.AccountKeyComparer">
            <summary>
            Comparer to compare two account keys
            </summary>
        </member>
        <member name="M:Microsoft.VisualStudio.Services.Client.AccountManagement.AccountKeyComparer.Equals(Microsoft.VisualStudio.Services.Client.AccountManagement.AccountKey,Microsoft.VisualStudio.Services.Client.AccountManagement.AccountKey)">
            <summary>
            Determine if two account keys are equal
            </summary>
        </member>
        <member name="M:Microsoft.VisualStudio.Services.Client.AccountManagement.AccountKeyComparer.GetHashCode(Microsoft.VisualStudio.Services.Client.AccountManagement.AccountKey)">
            <summary>
            Generate a hash code based on the account keys.
            </summary>
        </member>
        <member name="T:Microsoft.VisualStudio.Services.Client.AccountManagement.AccountDisplayInfoNoLogoComparer">
            <summary>
            Compare two account display info objects.
            </summary>
        </member>
        <member name="M:Microsoft.VisualStudio.Services.Client.AccountManagement.AccountDisplayInfoNoLogoComparer.Equals(Microsoft.VisualStudio.Services.Client.AccountManagement.AccountDisplayInfo,Microsoft.VisualStudio.Services.Client.AccountManagement.AccountDisplayInfo)">
            <summary>
            Determine if the two objects are equal
            </summary>
        </member>
        <member name="M:Microsoft.VisualStudio.Services.Client.AccountManagement.AccountDisplayInfoNoLogoComparer.GetHashCode(Microsoft.VisualStudio.Services.Client.AccountManagement.AccountDisplayInfo)">
            <summary>
            Generate a hash code for the display info.
            </summary>
        </member>
        <member name="T:Microsoft.VisualStudio.Services.Client.AccountManagement.AccountMemberComparer">
            <summary>
            Compare the individual fields on an account to determine if they are different in contents.
            </summary>
        </member>
        <member name="M:Microsoft.VisualStudio.Services.Client.AccountManagement.AccountMemberComparer.Equals(Microsoft.VisualStudio.Services.Client.AccountManagement.Account,Microsoft.VisualStudio.Services.Client.AccountManagement.Account)">
            <summary>
            Determine if the accounts are the same including contents. 
            </summary>
        </member>
        <member name="M:Microsoft.VisualStudio.Services.Client.AccountManagement.AccountMemberComparer.GetHashCode(Microsoft.VisualStudio.Services.Client.AccountManagement.Account)">
            <summary>
            Generate a hash code for the accounts
            </summary>
        </member>
        <member name="T:Microsoft.VisualStudio.Services.Client.AccountManagement.AccountDisplayInfo">
            <summary>
            Information on an account that is commonly displayed to an end user
            </summary>
        </member>
        <member name="F:Microsoft.VisualStudio.Services.Client.AccountManagement.AccountDisplayInfo.DisplayInfoNoLogoComparer">
            <summary>
            Comparer to compare two display info objects to each other to determine if they are the same.
            </summary>
        </member>
        <member name="M:Microsoft.VisualStudio.Services.Client.AccountManagement.AccountDisplayInfo.#ctor(System.String,System.String,System.String,System.Byte[],System.Byte[])">
            <summary>
            Constructor
            </summary>
            <param name="accountDisplayName">Display name of the account</param>
            <param name="providerDisplayName">Display name of the provider</param>
            <param name="userName">User name for the account</param>
            <param name="accountLogo">Logo for the account</param>
            <param name="providerLogo">Logo for the provider</param>
        </member>
        <member name="P:Microsoft.VisualStudio.Services.Client.AccountManagement.AccountDisplayInfo.AccountDisplayName">
            <summary>
            Display name of the account
            </summary>
        </member>
        <member name="P:Microsoft.VisualStudio.Services.Client.AccountManagement.AccountDisplayInfo.ProviderDisplayName">
            <summary>
            Display name of the provider
            </summary>
        </member>
        <member name="P:Microsoft.VisualStudio.Services.Client.AccountManagement.AccountDisplayInfo.UserName">
            <summary>
            User name
            </summary>
        </member>
        <member name="P:Microsoft.VisualStudio.Services.Client.AccountManagement.AccountDisplayInfo.AccountLogo">
            <summary>
            Logo for the account
            </summary>
        </member>
        <member name="P:Microsoft.VisualStudio.Services.Client.AccountManagement.AccountDisplayInfo.ProviderLogo">
            <summary>
            Logo for the provider
            </summary>
        </member>
        <member name="T:Microsoft.VisualStudio.Services.Client.AccountManagement.AccountKey">
            <summary>
            Represents the key information to differentiate one account from another
            </summary>
        </member>
        <member name="F:Microsoft.VisualStudio.Services.Client.AccountManagement.AccountKey.KeyComparer">
            <summary>
            Comparer to compare two keys together
            </summary>
        </member>
        <member name="M:Microsoft.VisualStudio.Services.Client.AccountManagement.AccountKey.#ctor(System.String,System.Guid)">
            <summary>
            Constructor
            </summary>
        </member>
        <member name="P:Microsoft.VisualStudio.Services.Client.AccountManagement.AccountKey.UniqueId">
            <summary>
            UniqueId for the account, this must be unique per provider.
            </summary>
        </member>
        <member name="P:Microsoft.VisualStudio.Services.Client.AccountManagement.AccountKey.ProviderId">
            <summary>
            Provider unique guid
            </summary>
        </member>
        <member name="F:Microsoft.VisualStudio.Services.Client.AccountManagement.AccountManagementUtilities.ADALEndpointRegistryOverrideName">
            <summary>
            Registry value which can be used to override the endpoint used to acquire adal tokens by default
            </summary>
        </member>
        <member name="F:Microsoft.VisualStudio.Services.Client.AccountManagement.AccountManagementUtilities.VSOEndpointRegistryOverrideName">
            <summary>
            End point used to connect to VSTS when asking for both the session tokens and the tenant infomration
            </summary>
        </member>
        <member name="F:Microsoft.VisualStudio.Services.Client.AccountManagement.AccountManagementUtilities.AdalExtraParametersRegistryOverrideName">
            <summary>
            Registry value to override the default extra parameters passed during account creation or authentication
            </summary>
        </member>
        <member name="F:Microsoft.VisualStudio.Services.Client.AccountManagement.AccountManagementUtilities.TrueTask">
            <summary>
            A completed task with a <c>true</c> result.
            </summary>
        </member>
        <member name="F:Microsoft.VisualStudio.Services.Client.AccountManagement.AccountManagementUtilities.FalseTask">
            <summary>
            A completed task with a <c>false</c> result.
            </summary>
        </member>
        <member name="M:Microsoft.VisualStudio.Services.Client.AccountManagement.AccountManagementUtilities.RemoveMidQueue``1(System.Collections.Generic.Queue{``0},``0)">
            <summary>
            Removes an element from the middle of a queue without disrupting the other elements.
            </summary>
            <typeparam name="T">The element to remove.</typeparam>
            <param name="queue">The queue to modify.</param>
            <param name="valueToRemove">The value to remove.</param>
            <remarks>
            If a value appears multiple times in the queue, only its first entry is removed.
            </remarks>
        </member>
        <member name="T:Microsoft.VisualStudio.Services.Client.AccountManagement.AccountStorageException">
            <summary>
            Exception thrown when there is a problem with the account storage.
            </summary>
        </member>
        <member name="T:Microsoft.VisualStudio.Services.Client.AccountManagement.AccountStoreChangedEventArgs">
            <summary>
            This event represents a change in the account storage.
            </summary>
        </member>
        <member name="P:Microsoft.VisualStudio.Services.Client.AccountManagement.AccountStoreChangedEventArgs.Added">
            <summary>
            List of added accounts
            </summary>
        </member>
        <member name="P:Microsoft.VisualStudio.Services.Client.AccountManagement.AccountStoreChangedEventArgs.Removed">
            <summary>
            List of removed accounts
            </summary>
        </member>
        <member name="P:Microsoft.VisualStudio.Services.Client.AccountManagement.AccountStoreChangedEventArgs.Modified">
            <summary>
            List of modified accounts. The first value is the original account object, the second is the modified account object
            </summary>
        </member>
        <member name="M:Microsoft.VisualStudio.Services.Client.AccountManagement.AccountStoreChangedEventArgs.#ctor(System.Collections.Generic.IReadOnlyList{Microsoft.VisualStudio.Services.Client.AccountManagement.Account},System.Collections.Generic.IReadOnlyList{Microsoft.VisualStudio.Services.Client.AccountManagement.Account},System.Collections.Generic.IReadOnlyList{System.Tuple{Microsoft.VisualStudio.Services.Client.AccountManagement.Account,Microsoft.VisualStudio.Services.Client.AccountManagement.Account}})">
            <summary>
            Constructor
            </summary>
        </member>
        <member name="M:Microsoft.VisualStudio.Services.Client.AccountManagement.AccountStoreChangedEventArgs.#ctor">
            <summary>
            Event with no changes.
            </summary>
        </member>
        <member name="M:Microsoft.VisualStudio.Services.Client.AccountManagement.AccountStoreChangedEventArgs.CreateForAddingAccount(Microsoft.VisualStudio.Services.Client.AccountManagement.Account)">
            <summary>
            Create the event args for an account that is being added 
            </summary>
        </member>
        <member name="M:Microsoft.VisualStudio.Services.Client.AccountManagement.AccountStoreChangedEventArgs.CreateForRemovingAccount(Microsoft.VisualStudio.Services.Client.AccountManagement.Account)">
            <summary>
            Create an event for an account to be removed
            </summary>
        </member>
        <member name="M:Microsoft.VisualStudio.Services.Client.AccountManagement.AccountStoreChangedEventArgs.CreateForModifyingAccount(Microsoft.VisualStudio.Services.Client.AccountManagement.Account)">
            <summary>
            Create an event for an account to be modified.
            </summary>
        </member>
        <member name="T:Microsoft.VisualStudio.Services.Client.AccountManagement.IAccountManager">
            <summary>
            Provides access to get account providers, token caches, and the account store.
            </summary>
        </member>
        <member name="P:Microsoft.VisualStudio.Services.Client.AccountManagement.IAccountManager.Store">
            <summary>
            Store that provides access to accounts in keychain storage.
            </summary>
        </member>
        <member name="M:Microsoft.VisualStudio.Services.Client.AccountManagement.IAccountManager.GetCache``1">
            <summary>
            There are a number of global caches used to store token information. The GetCache method
            provides a way to get access to the instance of these caches which everyone in the process should use
            </summary>
            <typeparam name="T">Type of cache requested. Examples are VssTokenStorage, AdalTokenCache</typeparam>
            <returns>Cache instance</returns>
        </member>
        <member name="M:Microsoft.VisualStudio.Services.Client.AccountManagement.IAccountManager.GetAccountProviderAsync(System.Guid)">
            <summary>
            Gets an IAccountProvider based on the provider's unique guid.
            </summary>
            <param name="accountProviderId">Provider ID for the provider requested</param>
            <returns>IAccountProvider instance</returns>
        </member>
        <member name="T:Microsoft.VisualStudio.Services.Client.AccountManagement.IAccountProvider">
            <summary>
            Provides a way to create and authenticate accounts
            </summary>
        </member>
        <member name="P:Microsoft.VisualStudio.Services.Client.AccountManagement.IAccountProvider.AccountProviderId">
            <summary>
            Unique guid that represents the account provider
            </summary>
        </member>
        <member name="P:Microsoft.VisualStudio.Services.Client.AccountManagement.IAccountProvider.AccountStore">
            <summary>
            Gets or sets the account store used by the account provider to retrieve and save accounts to storage.
            </summary>
        </member>
        <member name="M:Microsoft.VisualStudio.Services.Client.AccountManagement.IAccountProvider.ClearTokensForAccount(Microsoft.VisualStudio.Services.Client.AccountManagement.Account)">
            <summary>
            Clear any authentication tokens related to the account.
            </summary>
        </member>
        <member name="M:Microsoft.VisualStudio.Services.Client.AccountManagement.IAccountProvider.InitializeAsync(Microsoft.VisualStudio.Services.Client.AccountManagement.IAccountStore)">
            <summary>
            Initialize the provider with the account store it will use to interact with the keychain
            </summary>
            <param name="store">Store which stores accounts</param>
            <returns>Task to track the operation</returns>
        </member>
        <member name="M:Microsoft.VisualStudio.Services.Client.AccountManagement.IAccountProvider.RefreshAuthenticationStateAsync(Microsoft.VisualStudio.Services.Client.AccountManagement.AccountKey,System.Threading.CancellationToken)">
            <summary>
            Determines if the account needs re-authentication and updates its NeedsReauthentication status.
            </summary>
            <param name="accountKey">Account to refresh, not null. It must be supported by this account provider.</param>
            <param name="cancellationToken">Cancelled the operation</param>
            <returns>A task that tracks the operation. Not null.</returns>
            <exception cref="T:System.ArgumentNullException">thrown if <paramref name="accountKey"/> is null.</exception>
            <exception cref="T:System.ArgumentException">thrown if <paramref name="accountKey"/> is not supported by the account provider.</exception>
            <exception cref="T:System.OperationCanceledException">may be thrown if <paramref name="cancellationToken"/> is cancelled.</exception>
        </member>
        <member name="M:Microsoft.VisualStudio.Services.Client.AccountManagement.IAccountProvider.AuthenticateAccountWithUIAsync(Microsoft.VisualStudio.Services.Client.AccountManagement.AccountKey,System.IntPtr,System.Threading.CancellationToken)">
            <summary>
            This method is used to authenticate an account from an unauthenticated state.
            This should be called on the UI thread.
            </summary>
            <param name="accountKey">Account to authenticate</param>
            <param name="parentWindowHandle">Windows handle to parent the sign in window</param>
            <param name="cancellationToken">Cancel the operation</param>
            <returns>The account which has been authenticated</returns>
            <exception cref="T:System.OperationCanceledException">If the user cancels the login prompt</exception>
        </member>
        <member name="M:Microsoft.VisualStudio.Services.Client.AccountManagement.IAccountProvider.CreateAccountWithUIAsync(System.IntPtr,System.Threading.CancellationToken)">
            <summary>
            Creates an account on the keychain by launching a sign in window and asking for credentials.
            If the account already exists on the keychain the account will be updated. No additional account will be created.
            This should be called on the UI thread.
            </summary>
            <param name="parentWindowHandle">Window to parent the sign in dialog to</param>
            <param name="cancellationToken">Cancell the operation</param>
            <returns>The created account which has been created.</returns>
            <exception cref="T:System.OperationCanceledException">If the user cancels the login prompt</exception>
        </member>
        <member name="M:Microsoft.VisualStudio.Services.Client.AccountManagement.IAccountProvider.RefreshDisplayInfoAsync(Microsoft.VisualStudio.Services.Client.AccountManagement.AccountKey,System.Threading.CancellationToken)">
            <summary>
            The provider will use the account key passed in to refresh the display information on the account in the keychain. 
            For example this may be used to update descriptions or images found in the account.
            This will save the changes to the store before returning the account
            </summary>
            <param name="accountKey">Account to update</param>
            <param name="cancellationToken">Cancell the operation</param>
            <returns>An account with the updated display info</returns>
        </member>
        <member name="T:Microsoft.VisualStudio.Services.Client.AccountManagement.IAccountStore">
            <summary>
            Storage for accounts
            </summary>
        </member>
        <member name="E:Microsoft.VisualStudio.Services.Client.AccountManagement.IAccountStore.KeychainAccountStoreChanged">
            <summary>
            Event that is fired after the store has changed.  This includes adds, removals and modifications.
            This event will fire after both local changes and changes made by other processes to the account store.
            </summary>
        </member>
        <member name="E:Microsoft.VisualStudio.Services.Client.AccountManagement.IAccountStore.KeychainAccountStoreChanging">
            <summary>
            Fired when the store is changing. The event is fired before the change.
            This event will also only fire for account store changes made locally for the process.
            </summary>
        </member>
        <member name="M:Microsoft.VisualStudio.Services.Client.AccountManagement.IAccountStore.AddOrUpdateAccount(Microsoft.VisualStudio.Services.Client.AccountManagement.Account)">
            <summary>
            Add or update an account in storage
            </summary>
            <param name="account">account to add or update</param>
            <returns>new copy of the account after it has been added or updated</returns>
        </member>
        <member name="M:Microsoft.VisualStudio.Services.Client.AccountManagement.IAccountStore.SetDisplayInfo(Microsoft.VisualStudio.Services.Client.AccountManagement.AccountKey,Microsoft.VisualStudio.Services.Client.AccountManagement.AccountDisplayInfo)">
            <summary>
            Set the display info on the account. This can be used to update the display info on the account in storage.
            </summary>
            <param name="account">account to update</param>
            <param name="info">new display info to update the account with</param>
        </member>
        <member name="M:Microsoft.VisualStudio.Services.Client.AccountManagement.IAccountStore.SetProperty(Microsoft.VisualStudio.Services.Client.AccountManagement.AccountKey,System.String,System.String)">
            <summary>
            Set a property on the account
            </summary>
            <param name="account">account to update the property upon</param>
            <param name="key">property key</param>
            <param name="value">value of the property to update the account with</param>
        </member>
        <member name="M:Microsoft.VisualStudio.Services.Client.AccountManagement.IAccountStore.SetNeedsReauthentication(Microsoft.VisualStudio.Services.Client.AccountManagement.AccountKey,System.Boolean)">
            <summary>
            Set the needs re-authentication property specifically.
            </summary>
            <param name="account">account to update</param>
            <param name="value">Needs re-authentication property value</param>
            <returns>account from the store with the property set to the new value</returns>
        </member>
        <member name="M:Microsoft.VisualStudio.Services.Client.AccountManagement.IAccountStore.SetProperties(Microsoft.VisualStudio.Services.Client.AccountManagement.AccountKey,System.Collections.Generic.IDictionary{System.String,System.String})">
            <summary>
            Sets multiple properties at once.
            </summary>
            <param name="account">account to update properties on</param>
            <param name="properties">set of key and values which represent the property name and value for each of the properties.</param>
        </member>
        <member name="M:Microsoft.VisualStudio.Services.Client.AccountManagement.IAccountStore.RemoveAccount(Microsoft.VisualStudio.Services.Client.AccountManagement.AccountKey)">
            <summary>
            Remove an account from storage
            </summary>
            <param name="key">account to remove</param>
        </member>
        <member name="M:Microsoft.VisualStudio.Services.Client.AccountManagement.IAccountStore.GetAllAccounts">
            <summary>
            Get all accounts from the storage
            </summary>
        </member>
        <member name="T:Microsoft.VisualStudio.Services.Client.AccountManagement.IVSAccountProviderShim">
            <summary>
            This interface is to allow visual studio to shim in to the vs account provider and replace its functionality when 
            running in visual studio.
            </summary>
        </member>
        <!-- Badly formed XML comment ignored for member "P:Microsoft.VisualStudio.Services.Client.AccountManagement.IVSAccountProviderShim.AdalExtraQueryParameters" -->
        <member name="M:Microsoft.VisualStudio.Services.Client.AccountManagement.IVSAccountProviderShim.GetConfiguration">
            <summary>
            Configuration endpoints and data used to access active directory.
            </summary>
        </member>
        <member name="M:Microsoft.VisualStudio.Services.Client.AccountManagement.IVSAccountProviderShim.GetMsaHomeTenantId">
            <summary>
            The MSA home tenantId
            </summary>
        </member>
        <member name="M:Microsoft.VisualStudio.Services.Client.AccountManagement.IVSAccountProviderShim.ProcessAuthenticationResultAsync(Microsoft.IdentityModel.Clients.ActiveDirectory.AuthenticationResult)">
            <summary>
             Given an authentication result from an adal acquire token call look up the cache item in the adal cache and see if we need to add a new account based on that item.
            </summary>
            <param name="authenticationResult">Authentication result to process</param>
            <returns>The identifier of the account that was processed</returns>
        </member>
        <member name="M:Microsoft.VisualStudio.Services.Client.AccountManagement.IVSAccountProviderShim.ClearTokensForAccount(Microsoft.VisualStudio.Services.Client.AccountManagement.Account)">
            <summary>
            Clear access tokens related to the account
            </summary>
        </member>
        <member name="M:Microsoft.VisualStudio.Services.Client.AccountManagement.IVSAccountProviderShim.AcquireAdalTokenAsync(System.String,System.String,Microsoft.IdentityModel.Clients.ActiveDirectory.UserIdentifier,System.IntPtr,Microsoft.VisualStudio.Services.Client.AccountManagement.AccountKey,System.Boolean,System.Threading.CancellationToken)">
            <summary>
            Acquires an adal token asynchronously. There are two parts to the call. The first part is a browser dialog which will be launched and make take some time
            after the browser dialog is closed the rest of the method is async.
            </summary>
            <param name="parentWindowHandle">Parent windows handle</param>
            <param name="tenantId">tenant to get token for</param>
            <param name="identitifer">User identifier to get token for</param>
            <param name="resource">resource to get token for</param>
            <param name="accountForReAuthentication">Account to be used during reauthentication, if this must not be null if prompting is required</param>
            <param name="prompt">Should a prompt be displayed if no token could be retrieved</param>
            <param name="cancellationToken"></param>
            <returns>Authentication result</returns>
        </member>
        <member name="M:Microsoft.VisualStudio.Services.Client.AccountManagement.IVSAccountProviderShim.AcquireAdalTokenAsyncWithContextAsync(System.String,Microsoft.IdentityModel.Clients.ActiveDirectory.AuthenticationContext,Microsoft.IdentityModel.Clients.ActiveDirectory.UserIdentifier,Microsoft.VisualStudio.Services.Client.AccountManagement.AccountKey,System.Boolean,System.String,System.Threading.CancellationToken)">
            <summary>
            Acquires an adal token asynchronously. This method will try and acquire an adal token silently asynchronously. However, if prompt true is passed in then there will be two parts to the call. The first part is a browser dialog which will be launched and may take some time
            after the browser dialog is closed the rest of the method is async.
            </summary>
            <param name="resource">resource to get token for</param>
            <param name="context">Existing adal context</param>
            <param name="identitifer">User identifier to get token for</param>
            <param name="accountForReAuthentication">Account to be used during reauthentication, if this must not be null if prompting is required</param>
            <param name="prompt">Should a prompt be displayed if no token could be retrieved</param>
            <param name="extraQueryParameters">Extra query parameters to pass to the login dialog</param>
            <param name="cancellationToken"></param>
            <returns>Authentication result</returns>
        </member>
        <member name="M:Microsoft.VisualStudio.Services.Client.AccountManagement.IVSAccountProviderShim.GetSessionTokenFromAccountAsync(Microsoft.VisualStudio.Services.Client.AccountManagement.Account,System.String,System.Boolean,System.Threading.CancellationToken)">
            <summary>
            Get a VSTS session token based on an account from this account provider.
            </summary>
            <param name="account">Account to get the session token for</param>
            <param name="scope">The scope for the session token. An empty value indicates an unscoped token is required.</param>
            <param name="forceRefresh">Should any cache of tokens be ignored and a new token is retreived from the server</param>
            <param name="cancellationToken">cancellation token</param>
            <returns>The session token</returns>
        </member>
        <member name="M:Microsoft.VisualStudio.Services.Client.AccountManagement.IVSAccountProviderShim.GetExtraQueryParameters(System.String)">
            <summary>
            Gets extra query parameters used by adal for authentication.
            </summary>
        </member>
        <member name="M:Microsoft.VisualStudio.Services.Client.AccountManagement.IVSAccountProviderShim.RefreshAuthenticationStateAsync(Microsoft.VisualStudio.Services.Client.AccountManagement.AccountKey,System.Threading.CancellationToken)">
            <summary>
            Determines if the account needs re-authentication and updates its NeedsReauthentication status.
            </summary>
            <param name="accountKey">AccountKey which representes the account to refresh, not null. It must be supported by this account provider.</param>
            <param name="cancellationToken">Cancellation token.</param>
            <returns>A task that tracks the operation. Not null.</returns>
            <exception cref="T:System.ArgumentNullException">thrown if <paramref name="account"/> is null.</exception>
            <exception cref="T:System.ArgumentException">thrown if <paramref name="account"/> is not supported by the account provider.</exception>
            <exception cref="T:System.OperationCanceledException">may be thrown if <paramref name="cancellationToken"/> is cancelled</exception>
        </member>
        <member name="M:Microsoft.VisualStudio.Services.Client.AccountManagement.IVSAccountProviderShim.CreateAccountWithUIAsync(System.IntPtr,System.Threading.CancellationToken)">
            <summary>
            Create a new account using this account provider.
            This will show a login dialog initially and then be asynchronous after that point.
            </summary>
            <param name="parentWindowHandle">Parent windows to parent the login dialog to</param>
            <param name="cancellationToken">Cancellation token</param>
            <returns>Added account</returns>
        </member>
        <member name="M:Microsoft.VisualStudio.Services.Client.AccountManagement.IVSAccountProviderShim.AuthenticateAccountWithUIAsync(Microsoft.VisualStudio.Services.Client.AccountManagement.AccountKey,System.IntPtr,System.Threading.CancellationToken)">
            <summary>
            Re-authenticate an account.
            </summary>
            <param name="accountKey">Account to re-authenticate</param>
            <param name="parentWindowHandle">Parent window to parent the login to</param>
            <param name="cancellationToken">Cancellation token</param>
            <returns>Account that has been re-authenticated</returns>
        </member>
        <member name="M:Microsoft.VisualStudio.Services.Client.AccountManagement.IVSAccountProviderShim.AuthenticateAndApplyScopeWithUIAsync(Microsoft.VisualStudio.Services.Client.AccountManagement.AccountKey,System.IntPtr,System.Collections.Generic.IEnumerable{Microsoft.VisualStudio.Services.Client.AccountManagement.ScopeInfo},System.Threading.CancellationToken)">
            <summary>
            Authenticate an account and apply a scoping filter to the account. This has two parts. First is a sign in dialog which will be launched and waited upon. After the 
            dialog is closed the rest of the method is async.
            </summary>
            <param name="accountKey">Account to authenticate</param>
            <param name="parentWindowHandle">parent windows handle</param>
            <param name="scopes">Scopes to filter the account to</param>
            <param name="cancellationToken">cancellation token</param>
            <returns>An account with the scopes applied</returns>
        </member>
        <member name="M:Microsoft.VisualStudio.Services.Client.AccountManagement.IVSAccountProviderShim.ClearScopes(Microsoft.VisualStudio.Services.Client.AccountManagement.AccountKey)">
            <summary>
            Clear any scopes off the account
            </summary>
            <param name="accountKey">Account to clear the scopes from</param>
            <returns>Account with the scopes cleared</returns>
        </member>
        <member name="M:Microsoft.VisualStudio.Services.Client.AccountManagement.IVSAccountProviderShim.GetScopesForAccount(Microsoft.VisualStudio.Services.Client.AccountManagement.AccountKey)">
            <summary>
            Get the scopes for the account
            </summary>
            <param name="accountKey">Account to get the scopes for</param>
            <returns>A scope info describing the scope data</returns>
        </member>
        <member name="M:Microsoft.VisualStudio.Services.Client.AccountManagement.IVSAccountProviderShim.GetHomeTenantInfo(Microsoft.VisualStudio.Services.Client.AccountManagement.AccountKey)">
            <summary>
            Gets the tenant information for the home tenant of the account. This will return a tenantInformation structure even if the home tenant is not in the scope of the account.
             If the account cannot be found an argument exception will be thrown.
             If no home tenand could be found null is returned
            </summary>
            <param name="accountKey">Account to get the home tenant info for</param>
            <returns>Tenant information for the home account</returns>
        </member>
        <member name="M:Microsoft.VisualStudio.Services.Client.AccountManagement.IVSAccountProviderShim.GetTenantsInScope(Microsoft.VisualStudio.Services.Client.AccountManagement.AccountKey)">
            <summary>
            Gets the tenants in scope for the account
            </summary>
            <param name="accountKey">Account to get the tenants for</param>
            <returns>An enumeration of tenant information on the account</returns>
        </member>
        <member name="M:Microsoft.VisualStudio.Services.Client.AccountManagement.IVSAccountProviderShim.RefreshDisplayInfoAsync(Microsoft.VisualStudio.Services.Client.AccountManagement.AccountKey,System.Threading.CancellationToken)">
            <summary>
            Refresh the display information on the account
            </summary>
            <param name="accountKey">Account to refresh the display information on</param>
            <param name="cancellationToken">Cancellation token</param>
            <returns>Account with the new display information</returns>
        </member>
        <member name="P:Microsoft.VisualStudio.Services.Client.AccountManagement.IVSAccountProviderShim.RaiseAccountProcessingDoneEvent">
            <summary>
            Fired when the account creation or authentication is completed
            </summary>
        </member>
        <member name="T:Microsoft.VisualStudio.Services.Client.AccountManagement.Logging.AggregateLogger">
            <summary>
            Represents an <see cref="T:Microsoft.VisualStudio.Services.Client.AccountManagement.Logging.ILogger"/> supporting multiple loggers.
            </summary>
        </member>
        <member name="T:Microsoft.VisualStudio.Services.Client.AccountManagement.Logging.ILogger">
            <summary>
            Represents a logger that can log events with named properties.
            </summary>
        </member>
        <member name="M:Microsoft.VisualStudio.Services.Client.AccountManagement.Logging.ILogger.LogEvent(System.String,System.Collections.Generic.IDictionary{System.String,System.Object})">
            <summary>
            Logs an event with the specified name and properties.
            </summary>
            <param name="name">The name of the event.</param>
            <param name="properties">The properties of the event.</param>
        </member>
        <member name="T:Microsoft.VisualStudio.Services.Client.AccountManagement.AccountProviderExtensions">
            <summary>
            Set of extension methods to work on account providers
            </summary>
        </member>
        <member name="M:Microsoft.VisualStudio.Services.Client.AccountManagement.AccountProviderExtensions.RefreshAuthenticationStateAsync(Microsoft.VisualStudio.Services.Client.AccountManagement.IAccountProvider,System.Threading.CancellationToken)">
            <summary>
            Goes through all the accounts in the account store associated with this provider and determines if they need re-authentication,
             trying to refresh those that do need it. If that doesn't work, sets NeedsReauthentication flag on the expired accounts.
            It also clears the flag on the accounts that are valid.
            </summary>
            <param name="cancellationToken">Cancellation token.</param>
            <exception cref="T:System.OperationCanceledException">may be thrown if <paramref name="cancellationToken"/> is cancelled</exception>
        </member>
        <member name="T:Microsoft.VisualStudio.Services.Client.AccountManagement.AccountsProcessedEventArgs">
            <summary>
            This event indicates when any account processing currently in progress finishes
            </summary>
        </member>
        <member name="M:Microsoft.VisualStudio.Services.Client.AccountManagement.AccountsProcessedEventArgs.#ctor(System.Collections.Generic.IList{System.Exception})">
            <summary>
            Constructor
            </summary>
            <param name="exceptions"></param>
        </member>
        <member name="M:Microsoft.VisualStudio.Services.Client.AccountManagement.AccountsProcessedEventArgs.#ctor(System.Boolean,System.Collections.Generic.IList{System.Exception})">
            <summary>
            Account processing event
            </summary>
            <param name="skipped">Was account processing skipped due to there being no changes to process</param>
            <param name="exceptions">Were there any exceptions during account processing</param>
        </member>
        <member name="P:Microsoft.VisualStudio.Services.Client.AccountManagement.AccountsProcessedEventArgs.Skipped">
            <summary>
            Get or sets a value indicating whether or not the processing task was skipped, likely due to there being no cache changes between this call and the last call.
            </summary>
        </member>
        <member name="P:Microsoft.VisualStudio.Services.Client.AccountManagement.AccountsProcessedEventArgs.Exceptions">
            <summary>
            What exceptions happened during account processing.
            </summary>
        </member>
        <member name="T:Microsoft.VisualStudio.Services.Client.AccountManagement.ScopeInfo">
            <summary>
            Contains information about how an account should be scoped.
            This will contain one scope element which is either a tenantId guid or a domain name which will 
            be converted to a tenantId at a later point. 
            </summary>
        </member>
        <member name="P:Microsoft.VisualStudio.Services.Client.AccountManagement.ScopeInfo.Domain">
            <summary>
            A domain to scope an account to
            </summary>
        </member>
        <member name="P:Microsoft.VisualStudio.Services.Client.AccountManagement.ScopeInfo.TenantId">
            <summary>
            A tenantId to scope the account to
            </summary>
        </member>
        <member name="M:Microsoft.VisualStudio.Services.Client.AccountManagement.ScopeInfo.UpdateTenantIdForDomain(System.Guid)">
            <summary>
            After we transform a domain to a tenantId we need to update the scope info with the tenantId guid
            </summary>
        </member>
        <member name="T:Microsoft.VisualStudio.Services.Client.AccountManagement.TenantInformation">
            <summary>
            Internal structure to contain the information about a tenant
            </summary>
        </member>
        <member name="P:Microsoft.VisualStudio.Services.Client.AccountManagement.TenantInformation.UniqueIds">
            <summary>
            Set of uniqueId's that belong to a tenant. Normally this is only one. But if we are authenticating an MSA that is a dual headed 
            account we will get get one from live and one from AAD.
            </summary>
        </member>
        <member name="P:Microsoft.VisualStudio.Services.Client.AccountManagement.TenantInformation.TenantId">
            <summary>
            TenantId guid from ADAL
            </summary>
        </member>
        <member name="P:Microsoft.VisualStudio.Services.Client.AccountManagement.TenantInformation.FriendlyName">
            <summary>
            The friendly name of the tenant if it is available. If the tenant came from a filter
            this will be empty. If it came from VSTS it will normally have a friendly anme
            </summary>
        </member>
        <member name="P:Microsoft.VisualStudio.Services.Client.AccountManagement.TenantInformation.IsOwned">
            <summary>
            Is the tenant owned by this account. This list comes from VSTS
            </summary>
        </member>
        <member name="T:Microsoft.VisualStudio.Services.Client.AccountManagement.VSAccountProviderConstants">
            <summary>
            Configuration information used by VSAccountProvider.
            </summary>
        </member>
        <member name="F:Microsoft.VisualStudio.Services.Client.AccountManagement.VSAccountProviderConstants.AccountProviderIdentifier">
            <summary>
            The unique guid to identify this account provider.
            </summary>
        </member>
        <member name="F:Microsoft.VisualStudio.Services.Client.AccountManagement.VSAccountProviderConstants.PersonalizationAccountPropertyName">
            <summary>
            This property if set to true indicates this is the personalization account. This needs to be set by visual studio after signing in and after signing out
            </summary>
        </member>
        <member name="F:Microsoft.VisualStudio.Services.Client.AccountManagement.VSAccountProviderConstants.IsMSAPropertyName">
            <summary>
            This is a property indicating if the account is an MSA account or not
            </summary>
        </member>
        <member name="F:Microsoft.VisualStudio.Services.Client.AccountManagement.VSAccountProviderConstants.AdalSigninExtraQueryParameters">
            <summary>
            Extra sign in query parameters for use with the adal sign in dialog
            </summary>
        </member>
        <member name="T:Microsoft.VisualStudio.Services.Client.Keychain.AdalCache.AuthenticationResultWrapper">
            <summary>
            Wrapper to wrap the authentication result to allow for unit testing since we cannot directly instantiate an authenticationresult.
            </summary>
        </member>
        <member name="F:Microsoft.VisualStudio.Services.Client.Keychain.Logging.AccountManagementLoggingAuthType.Unknown">
            <summary>
            Prompt initiated by sign in or re-authentication of fed token
            </summary>
        </member>
        <member name="F:Microsoft.VisualStudio.Services.Client.Keychain.Logging.AccountManagementLoggingAuthType.Create">
            <summary>
            Prompt initiated by create an account
            </summary>
        </member>
        <member name="F:Microsoft.VisualStudio.Services.Client.Keychain.Logging.AccountManagementLoggingAuthType.Reauth">
            <summary>
            Prompt initiated by re-authentication of keychain accounts
            </summary>
        </member>
        <member name="T:Microsoft.VisualStudio.Services.Client.Keychain.Logging.AccountManagementLoggingEventProperties">
            <summary>
            Property names for account management logging event PromptUserForCredential
            </summary>
        </member>
        <member name="F:Microsoft.VisualStudio.Services.Client.Keychain.Logging.AccountManagementLoggingEventProperties.AuthType">
            <summary>
            Type of prompt for credential
            </summary>
        </member>
        <member name="F:Microsoft.VisualStudio.Services.Client.Keychain.Logging.AccountManagementLoggingEventProperties.Source">
            <summary>
            Source that initiated the credential prompt
            </summary>
        </member>
        <member name="F:Microsoft.VisualStudio.Services.Client.Keychain.Logging.AccountManagementLoggingSource.ASAP">
            <summary>
            Prompt initiated from account settings dialog or account picker
            </summary>
        </member>
        <member name="F:Microsoft.VisualStudio.Services.Client.Keychain.Logging.AccountManagementLoggingSource.AdalWrapper">
            <summary>
            Prompt initiated from acquire token
            </summary>
        </member>
        <member name="F:Microsoft.VisualStudio.Services.Client.Keychain.Logging.AccountManagementLoggingSource.TFS">
            <summary>
            VssConnectMode equals to Resource is a TFS connection
            </summary>
        </member>
        <member name="F:Microsoft.VisualStudio.Services.Client.Keychain.Logging.AccountManagementLoggingSource.NonTFS">
            <summary>
            VssConnectMode doesn't equal to Resource is a non-TFS connection
            </summary>
        </member>
        <member name="T:Microsoft.VisualStudio.Services.Client.Keychain.Logging.DiagnosticsLoggingMessageSeverity">
            <summary>
            What is the severity of the diagnostics logging event
            </summary>
        </member>
        <member name="M:Microsoft.VisualStudio.Services.Client.Keychain.SessionTokenPair.GetTokenPair(System.String)">
            <summary>
            It will create new token pair object based on the token value data in storage
            Previously we were storing only self describing token in storage so for 
            backward compatibility reasons, first it tries to deserialize the object,
            if he couldn't deserialize it, he will assume the token value itself a selfdescribing
            token and will create token pair object without compact token value.
            </summary>
        </member>
        <member name="T:Microsoft.VisualStudio.Services.Client.Keychain.VSProvider.IAadProviderConfiguration">
            <summary>
             What configuration is used to configure an AAD account provider
            </summary>
        </member>
        <member name="P:Microsoft.VisualStudio.Services.Client.Keychain.VSProvider.IAadProviderConfiguration.AzureRMIdentityEnabled">
            <summary>
            Is this provider using azureRM identity or another identity
            </summary>
        </member>
        <member name="P:Microsoft.VisualStudio.Services.Client.Keychain.VSProvider.IAadProviderConfiguration.AadAuthorityBase">
            <summary>
            Base URI for the AAD authority
            </summary>
        </member>
        <member name="P:Microsoft.VisualStudio.Services.Client.Keychain.VSProvider.IAadProviderConfiguration.ValidateAadAuthority">
            <summary>
            Should the Aad Authority be validated.  
            If a given authority is not in the pre-approved list then validation will need to be turned off in order to use it.
            </summary>
        </member>
        <member name="P:Microsoft.VisualStudio.Services.Client.Keychain.VSProvider.IAadProviderConfiguration.ClientIdentifier">
            <summary>
            The client client identifier to use to represent the current application within the selected AAD instance
            </summary>
        </member>
        <member name="P:Microsoft.VisualStudio.Services.Client.Keychain.VSProvider.IAadProviderConfiguration.NativeClientRedirect">
            <summary>
            The native client redirect URI to use that goes along with the ClientIdentifier
            </summary>
        </member>
        <member name="P:Microsoft.VisualStudio.Services.Client.Keychain.VSProvider.IAadProviderConfiguration.ResourceEndpoint">
            <summary>
            The default resource to use when retrieving tokens against the authority
            </summary>
        </member>
        <member name="P:Microsoft.VisualStudio.Services.Client.Keychain.VSProvider.IAadProviderConfiguration.AzureResourceManagementEndpoint">
            <summary>
            The azure resource management endpoint to use which matches with the AAD authority. 
            </summary>
        </member>
        <member name="P:Microsoft.VisualStudio.Services.Client.Keychain.VSProvider.IAadProviderConfiguration.GraphEndpoint">
            <summary>
            The graph endpoint to use which matches with the AAD authority. 
            </summary>
        </member>
        <member name="P:Microsoft.VisualStudio.Services.Client.Keychain.VSProvider.IAadProviderConfiguration.AzureRMAudienceEndpoint">
            <summary>
            Uri to use when requesting access tokens to the AzureRMEndpoint
            </summary>
        </member>
        <member name="M:Microsoft.VisualStudio.Services.Client.ClientResources.#cctor">
            Creates the resource manager instance.
        </member>
        <member name="M:Microsoft.VisualStudio.Services.Client.ClientResources.Get(System.String)">
            Returns a localized string given a resource string name.
        </member>
        <member name="M:Microsoft.VisualStudio.Services.Client.ClientResources.GetInt(System.String)">
            Returns a localized integer given a resource string name.
        </member>
        <member name="M:Microsoft.VisualStudio.Services.Client.ClientResources.GetBool(System.String)">
            Returns a localized string given a resource string name.
        </member>
        <member name="M:Microsoft.VisualStudio.Services.Client.ClientResources.Format(System.String,System.Object[])">
            A little helper function to alleviate some typing associated with loading resources and
            formatting the strings.  In DEBUG builds, it also asserts that the number of format
            arguments and the length of args match.
        </member>
        <member name="M:Microsoft.VisualStudio.Services.Client.ClientResources.UnexpectedNavigation">
            <summary>
            Unexpected navigation.
            </summary>
        </member>
        <member name="M:Microsoft.VisualStudio.Services.Client.ClientResources.UnexpectedNavigationToUrl">
             <summary>
             Precedes a URI in an exception message
            
             Unexpected navigation: 
             </summary>
        </member>
        <member name="M:Microsoft.VisualStudio.Services.Client.ClientResources.STAThreadRequired">
            <summary>
            The calling thread must be STA to show the dialog.
            </summary>
        </member>
        <member name="M:Microsoft.VisualStudio.Services.Client.ClientResources.BrowserNavigationFailed">
            <summary>
            Browser navigation failed.
            </summary>
        </member>
        <member name="M:Microsoft.VisualStudio.Services.Client.ClientResources.BrowserNavigationToUrlFailed">
             <summary>
             Precedes a URI in an exception message
            
             Browser navigation failed: 
             </summary>
        </member>
        <member name="M:Microsoft.VisualStudio.Services.Client.ClientResources.None">
             <summary>
             Used to represent a missing URI
            
             (none)
             </summary>
        </member>
        <member name="M:Microsoft.VisualStudio.Services.Client.ClientResources.BrowserScriptDisabled">
            <summary>
            SP324081: Check that your Internet Explorer security settings will allow JavaScript and cookies. If enabled, please contact support.
            </summary>
        </member>
        <member name="M:Microsoft.VisualStudio.Services.Client.ClientResources.ErrorDeserializeFailed">
            <summary>
            Failed to deserialize error data.
            </summary>
        </member>
        <member name="M:Microsoft.VisualStudio.Services.Client.ClientResources.SignInCancelled">
            <summary>
            Sign-in cancelled.
            </summary>
        </member>
        <member name="M:Microsoft.VisualStudio.Services.Client.ClientResources.TokenDeserializeFailed">
            <summary>
            Failed to deserialize token data.
            </summary>
        </member>
        <member name="M:Microsoft.VisualStudio.Services.Client.ClientResources.ExplicitTrustRequired">
            <summary>
            Your browser is security restricted or JavaScript is disabled. Do you want locations required for sign-in to be automatically added to your Trusted Sites list?
            </summary>
        </member>
        <member name="M:Microsoft.VisualStudio.Services.Client.ClientResources.NavigationBadGateway">
            <summary>
            SP324087: Connection is failing before reaching the server.
            </summary>
        </member>
        <member name="M:Microsoft.VisualStudio.Services.Client.ClientResources.NavigationBadRequest">
            <summary>
            SP324086: Server could not understand the request.
            </summary>
        </member>
        <member name="M:Microsoft.VisualStudio.Services.Client.ClientResources.NavigationForbidden">
            <summary>
            SP324084: Connection not allowed to access the server.
            </summary>
        </member>
        <member name="M:Microsoft.VisualStudio.Services.Client.ClientResources.NavigationGatewayTimeout">
            <summary>
            SP324088: Connection is timing out before reaching the server.
            </summary>
        </member>
        <member name="M:Microsoft.VisualStudio.Services.Client.ClientResources.NavigationInternalServerError">
            <summary>
            SP324089: Server was unable to complete the request.
            </summary>
        </member>
        <member name="M:Microsoft.VisualStudio.Services.Client.ClientResources.NavigationNotFound">
            <summary>
            SP324085: Connection could not find a resource on the server.
            </summary>
        </member>
        <member name="M:Microsoft.VisualStudio.Services.Client.ClientResources.NavigationServiceUnavailable">
            <summary>
            SP324082: Connection to the service is currently unavailable.
            </summary>
        </member>
        <member name="M:Microsoft.VisualStudio.Services.Client.ClientResources.NavigationUnauthorized">
            <summary>
            SP324083: Browser navigation failed due to it not being authorized for access.
            </summary>
        </member>
        <member name="M:Microsoft.VisualStudio.Services.Client.ClientResources.ServerBadRequest">
            <summary>
            SP324094: Our service could not understand the request.
            </summary>
        </member>
        <member name="M:Microsoft.VisualStudio.Services.Client.ClientResources.ServerForbidden">
            <summary>
            SP324092: You are not allowed to access a resource from our service.
            </summary>
        </member>
        <member name="M:Microsoft.VisualStudio.Services.Client.ClientResources.ServerInternalServerError">
            <summary>
            SP324095: Our service was unable to complete the request.
            </summary>
        </member>
        <member name="M:Microsoft.VisualStudio.Services.Client.ClientResources.ServerNotFound">
            <summary>
            SP324093: Could not find a resource from our service.
            </summary>
        </member>
        <member name="M:Microsoft.VisualStudio.Services.Client.ClientResources.ServerServiceUnavailable">
            <summary>
            SP324090: Our service is currently unavailable.
            </summary>
        </member>
        <member name="M:Microsoft.VisualStudio.Services.Client.ClientResources.ServerUnauthorized">
            <summary>
            SP324091: You are not authorized to access our service.
            </summary>
        </member>
        <member name="M:Microsoft.VisualStudio.Services.Client.ClientResources.ServerUnknownError">
            <summary>
            SP324096: Our service could not complete the operation.
            </summary>
        </member>
        <member name="M:Microsoft.VisualStudio.Services.Client.ClientResources.UnknownClientError">
            <summary>
            SP324098: Your browser could not complete the operation.
            </summary>
        </member>
        <member name="M:Microsoft.VisualStudio.Services.Client.ClientResources.UnknownError">
            <summary>
            SP324099: Could not complete the operation.
            </summary>
        </member>
        <member name="M:Microsoft.VisualStudio.Services.Client.ClientResources.AccountManagerProblemExecutingInGlobalMutex(System.Object)">
            <summary>
            There was a problem executing within the global mutex &apos;{0}&apos;.
            </summary>
        </member>
        <member name="M:Microsoft.VisualStudio.Services.Client.ClientResources.RegistryAccountStoreCannotCreateSubKey(System.Object,System.Object)">
            <summary>
            Could not write a new subkey {0}\\{1}.
            </summary>
        </member>
        <member name="M:Microsoft.VisualStudio.Services.Client.ClientResources.RegistryAccountStoreMemberNotValid(System.Object,System.Object)">
            <summary>
            The member &apos;{0}&apos; was not found in the registry for account: &apos;{1}&apos;.
            </summary>
        </member>
        <member name="M:Microsoft.VisualStudio.Services.Client.ClientResources.BlueBadgeAccountImage192192">
            <summary>
            Resources\BlueBadgeAccountImage192192.png;System.Drawing.Bitmap, System.Drawing, Version=4.0.0.0, Culture=neutral, PublicKeyToken=b03f5f7f11d50a3a
            </summary>
        </member>
        <member name="M:Microsoft.VisualStudio.Services.Client.ClientResources.VsAccountProviderName">
             <summary>
             Account is the representation of the user. Like a live account on hotmail or an outlook account.
            
             Microsoft account
             </summary>
        </member>
        <member name="M:Microsoft.VisualStudio.Services.Client.ClientResources.MicrosoftLogo_128xLG">
            <summary>
            Resources\MicrosoftLogo_128xLG.png;System.Drawing.Bitmap, System.Drawing, Version=4.0.0.0, Culture=neutral, PublicKeyToken=b03f5f7f11d50a3a
            </summary>
        </member>
        <member name="M:Microsoft.VisualStudio.Services.Client.ClientResources.VsAccountProviderWorkOrSchool">
            <summary>
            Work or school account
            </summary>
        </member>
        <member name="M:Microsoft.VisualStudio.Services.Client.ClientResources.VsAccountProviderUserNameCannotBeEmpty">
             <summary>
             When the username is empty
            
             User Name cannot be empty
             </summary>
        </member>
        <member name="M:Microsoft.VisualStudio.Services.Client.ClientResources.VsAccountProviderUnsupportedAccount">
             <summary>
             When the account's ProviderId doesn't match account provider's ID
            
             The account is not supported by the provider because its ProviderId doesn&apos;t match.
             </summary>
        </member>
        <member name="M:Microsoft.VisualStudio.Services.Client.ClientResources.VsAccountProviderSetAdalCacheInvalidOperation">
             <summary>
             When the SetAdalCache method on vsaccountprovider is called multiple times
            
             Cannot set ADAL cache multiple times.
             </summary>
        </member>
        <member name="M:Microsoft.VisualStudio.Services.Client.ClientResources.VsAccountProviderAccountNotFoundFromKey">
            <summary>
            Cannot find an account matching the account key
            </summary>
        </member>
        <member name="M:Microsoft.VisualStudio.Services.Client.ClientResources.UICredProvider_MessageText">
            <summary>
            Please provide credentials to connect.
            </summary>
        </member>
        <member name="M:Microsoft.VisualStudio.Services.Client.ClientResources.UICredProvider_TitleText(System.Object)">
            <summary>
            Connecting to {0}
            </summary>
        </member>
    </members>
</doc>
