﻿<?xml version="1.0" encoding="utf-8"?>
<doc>
  <assembly>
    <name>System.ServiceProcess.ServiceController</name>
  </assembly>
  <members>
    <member name="T:System.ServiceProcess.ServiceController">
      <summary>Windows 서비스를 나타내며 이 클래스를 사용하면 실행 중이거나 중지된 서비스에 연결하거나 서비스를 조작하거나 서비스 관련 정보를 가져올 수 있습니다.</summary>
    </member>
    <member name="M:System.ServiceProcess.ServiceController.#ctor(System.String)">
      <summary>로컬 컴퓨터의 기존 서비스와 관련된 <see cref="T:System.ServiceProcess.ServiceController" /> 클래스의 새 인스턴스를 초기화합니다.</summary>
      <param name="name">시스템에서 서비스를 식별하는 이름입니다.또한 서비스의 디스플레이 이름일 수도 있습니다.</param>
      <exception cref="T:System.ArgumentException">
        <paramref name="name" /> is invalid. </exception>
    </member>
    <member name="M:System.ServiceProcess.ServiceController.#ctor(System.String,System.String)">
      <summary>지정된 컴퓨터의 기존 서비스와 관련된 <see cref="T:System.ServiceProcess.ServiceController" /> 클래스의 새 인스턴스를 초기화합니다.</summary>
      <param name="name">시스템에서 서비스를 식별하는 이름입니다.또한 서비스의 디스플레이 이름일 수도 있습니다.</param>
      <param name="machineName">서비스가 상주하는 컴퓨터입니다. </param>
      <exception cref="T:System.ArgumentException">
        <paramref name="name" /> is invalid.-or- <paramref name="machineName" /> is invalid. </exception>
    </member>
    <member name="P:System.ServiceProcess.ServiceController.CanPauseAndContinue">
      <summary>서비스를 일시 중지했다가 다시 시작할 수 있는지를 나타내는 값을 가져옵니다.</summary>
      <returns>서비스를 일시 중지할 수 있으면 true이고, 그렇지 않으면 false입니다.</returns>
      <exception cref="T:System.ComponentModel.Win32Exception">An error occurred when accessing a system API. </exception>
      <exception cref="T:System.InvalidOperationException">The service was not found.</exception>
      <PermissionSet>
        <IPermission class="System.ServiceProcess.ServiceControllerPermission, System.ServiceProcess, Version=2.0.3600.0, Culture=neutral, PublicKeyToken=b03f5f7f11d50a3a" version="1" Unrestricted="true" />
      </PermissionSet>
    </member>
    <member name="P:System.ServiceProcess.ServiceController.CanShutdown">
      <summary>시스템을 종료할 때 서비스에 알릴지를 나타내는 값을 가져옵니다.</summary>
      <returns>시스템이 종료될 때 서비스에 알리려면 true이고, 그렇지 않으면 false입니다.</returns>
      <exception cref="T:System.ComponentModel.Win32Exception">An error occurred when accessing a system API. </exception>
      <exception cref="T:System.InvalidOperationException">The service was not found.</exception>
      <PermissionSet>
        <IPermission class="System.ServiceProcess.ServiceControllerPermission, System.ServiceProcess, Version=2.0.3600.0, Culture=neutral, PublicKeyToken=b03f5f7f11d50a3a" version="1" Unrestricted="true" />
      </PermissionSet>
    </member>
    <member name="P:System.ServiceProcess.ServiceController.CanStop">
      <summary>시작한 서비스를 중지할 수 있는지의 여부를 나타내는 값을 가져옵니다.</summary>
      <returns>서비스를 중지할 수 있고 <see cref="M:System.ServiceProcess.ServiceBase.OnStop" /> 메서드가 호출되면 true이고, 그렇지 않으면 false입니다.</returns>
      <exception cref="T:System.ComponentModel.Win32Exception">An error occurred when accessing a system API. </exception>
      <exception cref="T:System.InvalidOperationException">The service was not found.</exception>
      <PermissionSet>
        <IPermission class="System.ServiceProcess.ServiceControllerPermission, System.ServiceProcess, Version=2.0.3600.0, Culture=neutral, PublicKeyToken=b03f5f7f11d50a3a" version="1" Unrestricted="true" />
      </PermissionSet>
    </member>
    <member name="M:System.ServiceProcess.ServiceController.Continue">
      <summary>일시 중지한 서비스를 계속합니다.</summary>
      <exception cref="T:System.ComponentModel.Win32Exception">An error occurred when accessing a system API. </exception>
      <exception cref="T:System.InvalidOperationException">The service was not found. </exception>
      <PermissionSet>
        <IPermission class="System.ServiceProcess.ServiceControllerPermission, System.ServiceProcess, Version=2.0.3600.0, Culture=neutral, PublicKeyToken=b03f5f7f11d50a3a" version="1" Unrestricted="true" />
      </PermissionSet>
    </member>
    <member name="P:System.ServiceProcess.ServiceController.DependentServices">
      <summary>이 <see cref="T:System.ServiceProcess.ServiceController" /> 인스턴스와 관련된 서비스에 종속되는 서비스 집합을 가져옵니다.</summary>
      <returns>
        <see cref="T:System.ServiceProcess.ServiceController" /> 인스턴스의 배열입니다. 각 인스턴스는 이 서비스에 종속되는 서비스와 관련되어 있습니다.</returns>
      <exception cref="T:System.ComponentModel.Win32Exception">An error occurred when accessing a system API. </exception>
      <exception cref="T:System.InvalidOperationException">The service was not found.</exception>
      <PermissionSet>
        <IPermission class="System.ServiceProcess.ServiceControllerPermission, System.ServiceProcess, Version=2.0.3600.0, Culture=neutral, PublicKeyToken=b03f5f7f11d50a3a" version="1" Unrestricted="true" />
      </PermissionSet>
    </member>
    <member name="P:System.ServiceProcess.ServiceController.DisplayName">
      <summary>서비스의 이름을 가져오거나 설정합니다.</summary>
      <returns>서비스의 이름이며, 서비스를 식별하는 데 사용할 수 있습니다.</returns>
      <exception cref="T:System.ArgumentNullException">The <see cref="P:System.ServiceProcess.ServiceController.DisplayName" /> is null. </exception>
      <exception cref="T:System.ComponentModel.Win32Exception">An error occurred when accessing a system API. </exception>
      <exception cref="T:System.InvalidOperationException">The service was not found.</exception>
      <PermissionSet>
        <IPermission class="System.Security.Permissions.SecurityPermission, mscorlib, Version=2.0.3600.0, Culture=neutral, PublicKeyToken=b77a5c561934e089" version="1" Flags="UnmanagedCode, ControlEvidence" />
      </PermissionSet>
    </member>
    <member name="M:System.ServiceProcess.ServiceController.Dispose"></member>
    <member name="M:System.ServiceProcess.ServiceController.Dispose(System.Boolean)">
      <summary>
        <see cref="T:System.ServiceProcess.ServiceController" />에서 사용하는 관리되지 않는 리소스를 해제하고, 관리되는 리소스를 선택적으로 해제할 수 있습니다. </summary>
      <param name="disposing">관리되는 리소스와 관리되지 않는 리소스를 모두 해제하려면 true로 설정하고, 관리되지 않는 리소스만 해제하려면 false로 설정합니다.</param>
    </member>
    <member name="M:System.ServiceProcess.ServiceController.GetDevices">
      <summary>로컬 컴퓨터에서 장치 드라이버 서비스를 검색합니다.</summary>
      <returns>각 요소가 로컬 컴퓨터에 있는 장치 드라이버 서비스와 관련된 <see cref="T:System.ServiceProcess.ServiceController" /> 형식의 배열입니다.</returns>
      <exception cref="T:System.ComponentModel.Win32Exception">An error occurred when accessing a system API. </exception>
      <PermissionSet>
        <IPermission class="System.ServiceProcess.ServiceControllerPermission, System.ServiceProcess, Version=2.0.3600.0, Culture=neutral, PublicKeyToken=b03f5f7f11d50a3a" version="1" Unrestricted="true" />
      </PermissionSet>
    </member>
    <member name="M:System.ServiceProcess.ServiceController.GetDevices(System.String)">
      <summary>지정된 컴퓨터에서 장치 드라이버 서비스를 검색합니다.</summary>
      <returns>각 요소가 지정된 컴퓨터에 있는 장치 드라이버 서비스와 관련된 <see cref="T:System.ServiceProcess.ServiceController" /> 형식의 배열입니다.</returns>
      <param name="machineName">장치 드라이버 서비스를 검색할 컴퓨터입니다. </param>
      <exception cref="T:System.ComponentModel.Win32Exception">An error occurred when accessing a system API. </exception>
      <exception cref="T:System.ArgumentException">The <paramref name="machineName" /> parameter has invalid syntax. </exception>
      <PermissionSet>
        <IPermission class="System.ServiceProcess.ServiceControllerPermission, System.ServiceProcess, Version=2.0.3600.0, Culture=neutral, PublicKeyToken=b03f5f7f11d50a3a" version="1" Unrestricted="true" />
      </PermissionSet>
    </member>
    <member name="M:System.ServiceProcess.ServiceController.GetServices">
      <summary>로컬 컴퓨터에서 장치 드라이버 서비스를 제외한 모든 서비스를 검색합니다.</summary>
      <returns>각 요소가 로컬 컴퓨터에 있는 서비스와 관련된 <see cref="T:System.ServiceProcess.ServiceController" /> 형식의 배열입니다.</returns>
      <exception cref="T:System.ComponentModel.Win32Exception">An error occurred when accessing a system API. </exception>
      <PermissionSet>
        <IPermission class="System.ServiceProcess.ServiceControllerPermission, System.ServiceProcess, Version=2.0.3600.0, Culture=neutral, PublicKeyToken=b03f5f7f11d50a3a" version="1" Unrestricted="true" />
      </PermissionSet>
    </member>
    <member name="M:System.ServiceProcess.ServiceController.GetServices(System.String)">
      <summary>지정된 컴퓨터에서 장치 드라이버 서비스를 제외한 모든 서비스를 검색합니다.</summary>
      <returns>각 요소가 지정된 컴퓨터에 있는 서비스와 관련된 <see cref="T:System.ServiceProcess.ServiceController" /> 형식의 배열입니다.</returns>
      <param name="machineName">서비스를 검색할 컴퓨터입니다. </param>
      <exception cref="T:System.ComponentModel.Win32Exception">An error occurred when accessing a system API. </exception>
      <exception cref="T:System.ArgumentException">The <paramref name="machineName" /> parameter has invalid syntax. </exception>
      <PermissionSet>
        <IPermission class="System.ServiceProcess.ServiceControllerPermission, System.ServiceProcess, Version=2.0.3600.0, Culture=neutral, PublicKeyToken=b03f5f7f11d50a3a" version="1" Unrestricted="true" />
      </PermissionSet>
    </member>
    <member name="P:System.ServiceProcess.ServiceController.MachineName">
      <summary>이 서비스가 상주하는 컴퓨터의 이름을 가져오거나 설정합니다.</summary>
      <returns>이 <see cref="T:System.ServiceProcess.ServiceController" /> 인스턴스와 관련된 서비스를 실행하는 컴퓨터의 이름입니다.기본값은 로컬 컴퓨터(".")입니다.</returns>
      <exception cref="T:System.ArgumentException">The <see cref="P:System.ServiceProcess.ServiceController.MachineName" /> syntax is invalid. </exception>
    </member>
    <member name="M:System.ServiceProcess.ServiceController.Pause">
      <summary>서비스 작업을 일시 중단합니다.</summary>
      <exception cref="T:System.ComponentModel.Win32Exception">An error occurred when accessing a system API. </exception>
      <exception cref="T:System.InvalidOperationException">The service was not found. </exception>
      <PermissionSet>
        <IPermission class="System.ServiceProcess.ServiceControllerPermission, System.ServiceProcess, Version=2.0.3600.0, Culture=neutral, PublicKeyToken=b03f5f7f11d50a3a" version="1" Unrestricted="true" />
      </PermissionSet>
    </member>
    <member name="M:System.ServiceProcess.ServiceController.Refresh">
      <summary>현재 값으로 속성을 다시 설정하여 속성 값을 새로 고칩니다.</summary>
    </member>
    <member name="P:System.ServiceProcess.ServiceController.ServiceHandle">
      <summary>서비스에 대한 핸들을 가져옵니다.</summary>
      <returns>서비스에 대한 핸들이 포함된 <see cref="T:System.Runtime.InteropServices.SafeHandle" />입니다. </returns>
      <exception cref="T:System.InvalidOperationException">The service was not found.</exception>
    </member>
    <member name="P:System.ServiceProcess.ServiceController.ServiceName">
      <summary>이 인스턴스가 참조하는 서비스를 식별하는 이름을 가져오거나 설정합니다.</summary>
      <returns>이 <see cref="T:System.ServiceProcess.ServiceController" /> 인스턴스가 참조하는 서비스를 식별하는 이름입니다.기본값은 빈 문자열("")입니다.</returns>
      <exception cref="T:System.ArgumentNullException">The <see cref="P:System.ServiceProcess.ServiceController.ServiceName" /> is null. </exception>
      <exception cref="T:System.ArgumentException">The syntax of the <see cref="P:System.ServiceProcess.ServiceController.ServiceName" /> property is invalid. </exception>
      <exception cref="T:System.InvalidOperationException">The service was not found.</exception>
      <PermissionSet>
        <IPermission class="System.Security.Permissions.SecurityPermission, mscorlib, Version=2.0.3600.0, Culture=neutral, PublicKeyToken=b77a5c561934e089" version="1" Flags="UnmanagedCode, ControlEvidence" />
      </PermissionSet>
    </member>
    <member name="P:System.ServiceProcess.ServiceController.ServicesDependedOn">
      <summary>이 서비스가 결정되는 서비스 집합입니다.</summary>
      <returns>
        <see cref="T:System.ServiceProcess.ServiceController" /> 인스턴스의 배열입니다. 각 인스턴스는 이 서비스가 실행되도록 하기 위해 실행해야 하는 서비스와 관련되어 있습니다.</returns>
      <exception cref="T:System.ComponentModel.Win32Exception">An error occurred when accessing a system API. </exception>
      <exception cref="T:System.InvalidOperationException">The service was not found.</exception>
      <PermissionSet>
        <IPermission class="System.ServiceProcess.ServiceControllerPermission, System.ServiceProcess, Version=2.0.3600.0, Culture=neutral, PublicKeyToken=b03f5f7f11d50a3a" version="1" Unrestricted="true" />
      </PermissionSet>
    </member>
    <member name="P:System.ServiceProcess.ServiceController.ServiceType">
      <summary>이 개체가 참조하는 서비스 종류를 가져옵니다.</summary>
      <returns>네트워크 서비스 종류를 나타내는 데 사용되는 <see cref="T:System.ServiceProcess.ServiceType" /> 값 중 하나입니다.</returns>
      <exception cref="T:System.ComponentModel.Win32Exception">An error occurred when accessing a system API. </exception>
      <exception cref="T:System.InvalidOperationException">The service was not found.</exception>
      <PermissionSet>
        <IPermission class="System.ServiceProcess.ServiceControllerPermission, System.ServiceProcess, Version=2.0.3600.0, Culture=neutral, PublicKeyToken=b03f5f7f11d50a3a" version="1" Unrestricted="true" />
      </PermissionSet>
    </member>
    <member name="M:System.ServiceProcess.ServiceController.Start">
      <summary>인수를 전달하지 않고 서비스를 시작합니다.</summary>
      <exception cref="T:System.ComponentModel.Win32Exception">An error occurred when accessing a system API. </exception>
      <exception cref="T:System.InvalidOperationException">The service was not found.</exception>
      <PermissionSet>
        <IPermission class="System.ServiceProcess.ServiceControllerPermission, System.ServiceProcess, Version=2.0.3600.0, Culture=neutral, PublicKeyToken=b03f5f7f11d50a3a" version="1" Unrestricted="true" />
      </PermissionSet>
    </member>
    <member name="M:System.ServiceProcess.ServiceController.Start(System.String[])">
      <summary>지정된 인수를 전달하면서 서비스를 시작합니다.</summary>
      <param name="args">서비스를 시작할 때 해당 서비스로 전달할 인수 배열입니다. </param>
      <exception cref="T:System.ComponentModel.Win32Exception">An error occurred when accessing a system API. </exception>
      <exception cref="T:System.InvalidOperationException">The service cannot be started. </exception>
      <exception cref="T:System.ArgumentNullException">
        <paramref name="args" /> is null.-or-A member of the array is null.</exception>
      <PermissionSet>
        <IPermission class="System.ServiceProcess.ServiceControllerPermission, System.ServiceProcess, Version=2.0.3600.0, Culture=neutral, PublicKeyToken=b03f5f7f11d50a3a" version="1" Unrestricted="true" />
      </PermissionSet>
    </member>
    <member name="P:System.ServiceProcess.ServiceController.Status">
      <summary>이 인스턴스에서 참조하는 서비스 상태를 가져옵니다.</summary>
      <returns>서비스가 실행되고 있는지, 중지되었는지 또는 일시 중지되었는지를 나타내거나 시작, 중지, 일시 중지 또는 계속 명령이 보류 중인지를 나타내는 <see cref="T:System.ServiceProcess.ServiceControllerStatus" /> 값 중 하나입니다.</returns>
      <exception cref="T:System.ComponentModel.Win32Exception">An error occurred when accessing a system API. </exception>
      <exception cref="T:System.InvalidOperationException">The service was not found.</exception>
      <PermissionSet>
        <IPermission class="System.ServiceProcess.ServiceControllerPermission, System.ServiceProcess, Version=2.0.3600.0, Culture=neutral, PublicKeyToken=b03f5f7f11d50a3a" version="1" Unrestricted="true" />
      </PermissionSet>
    </member>
    <member name="M:System.ServiceProcess.ServiceController.Stop">
      <summary>이 서비스와 이 서비스에 종속되는 서비스를 중지합니다.</summary>
      <exception cref="T:System.ComponentModel.Win32Exception">An error occurred when accessing a system API. </exception>
      <exception cref="T:System.InvalidOperationException">The service was not found. </exception>
      <PermissionSet>
        <IPermission class="System.ServiceProcess.ServiceControllerPermission, System.ServiceProcess, Version=2.0.3600.0, Culture=neutral, PublicKeyToken=b03f5f7f11d50a3a" version="1" Unrestricted="true" />
      </PermissionSet>
    </member>
    <member name="M:System.ServiceProcess.ServiceController.WaitForStatus(System.ServiceProcess.ServiceControllerStatus)">
      <summary>서비스가 지정된 상태에 도달할 때까지 무제한 대기합니다.</summary>
      <param name="desiredStatus">대기할 상태입니다. </param>
      <exception cref="T:System.ComponentModel.InvalidEnumArgumentException">The <paramref name="desiredStatus" /> parameter is not any of the values defined in the <see cref="T:System.ServiceProcess.ServiceControllerStatus" /> enumeration. </exception>
      <PermissionSet>
        <IPermission class="System.ServiceProcess.ServiceControllerPermission, System.ServiceProcess, Version=2.0.3600.0, Culture=neutral, PublicKeyToken=b03f5f7f11d50a3a" version="1" Unrestricted="true" />
      </PermissionSet>
    </member>
    <member name="M:System.ServiceProcess.ServiceController.WaitForStatus(System.ServiceProcess.ServiceControllerStatus,System.TimeSpan)">
      <summary>서비스가 지정된 상태에 도달하거나 지정된 제한 시간이 만료될 때까지 대기합니다.</summary>
      <param name="desiredStatus">대기할 상태입니다. </param>
      <param name="timeout">서비스가 지정된 상태에 도달할 때까지 대기하는 시간을 지정하는 <see cref="T:System.TimeSpan" /> 개체입니다. </param>
      <exception cref="T:System.ComponentModel.InvalidEnumArgumentException">The <paramref name="desiredStatus" /> parameter is not any of the values defined in the <see cref="T:System.ServiceProcess.ServiceControllerStatus" /> enumeration. </exception>
      <exception cref="T:System.ServiceProcess.TimeoutException">The value specified for the <paramref name="timeout" /> parameter expires. </exception>
      <PermissionSet>
        <IPermission class="System.ServiceProcess.ServiceControllerPermission, System.ServiceProcess, Version=2.0.3600.0, Culture=neutral, PublicKeyToken=b03f5f7f11d50a3a" version="1" Unrestricted="true" />
      </PermissionSet>
    </member>
    <member name="T:System.ServiceProcess.ServiceControllerStatus">
      <summary>서비스의 현재 상태를 나타냅니다.</summary>
    </member>
    <member name="F:System.ServiceProcess.ServiceControllerStatus.ContinuePending">
      <summary>서비스 계속 명령이 보류 중입니다.이 상태는 0x00000005로 정의된 Win32 SERVICE_CONTINUE_PENDING 상수에 해당합니다.</summary>
    </member>
    <member name="F:System.ServiceProcess.ServiceControllerStatus.Paused">
      <summary>서비스가 일시 중지되었습니다.이 상태는 0x00000007로 정의된 Win32 SERVICE_PAUSED 상수에 해당합니다.</summary>
    </member>
    <member name="F:System.ServiceProcess.ServiceControllerStatus.PausePending">
      <summary>서비스 일시 중지 명령이 보류 중입니다.이 상태는 0x00000006으로 정의된 Win32 SERVICE_PAUSE_PENDING 상수에 해당합니다.</summary>
    </member>
    <member name="F:System.ServiceProcess.ServiceControllerStatus.Running">
      <summary>서비스가 실행되고 있습니다.이 상태는 0x00000004로 정의된 Win32 SERVICE_RUNNING 상수에 해당합니다.</summary>
    </member>
    <member name="F:System.ServiceProcess.ServiceControllerStatus.StartPending">
      <summary>서비스가 시작되었습니다.이 상태는 0x00000002로 정의된 Win32 SERVICE_START_PENDING 상수에 해당합니다.</summary>
    </member>
    <member name="F:System.ServiceProcess.ServiceControllerStatus.Stopped">
      <summary>서비스가 실행되고 있지 않습니다.이 상태는 0x00000001로 정의된 Win32 SERVICE_STOPPED 상수에 해당합니다.</summary>
    </member>
    <member name="F:System.ServiceProcess.ServiceControllerStatus.StopPending">
      <summary>서비스가 중지되었습니다.이 상태는 0x00000003으로 정의된 Win32 SERVICE_STOP_PENDING 상수에 해당합니다.</summary>
    </member>
    <member name="T:System.ServiceProcess.ServiceStartMode">
      <summary>서비스의 시작 모드를 나타냅니다.</summary>
    </member>
    <member name="F:System.ServiceProcess.ServiceStartMode.Automatic">
      <summary>시스템을 시작할 때 운영 체제에 의해 서비스가 시작되는지(또는 시작되었는지)를 나타냅니다.자동으로 시작되는 서비스가 수동으로 시작되는 서비스에 종속된 경우에는 시스템을 시작할 때 수동으로 시작되는 서비스도 자동으로 시작됩니다.</summary>
    </member>
    <member name="F:System.ServiceProcess.ServiceStartMode.Disabled">
      <summary>사용자 또는 응용 프로그램이 시작할 수 없도록 서비스가 비활성화되어 있음을 나타냅니다.</summary>
    </member>
    <member name="F:System.ServiceProcess.ServiceStartMode.Manual">
      <summary>해당 서비스가 사용자(서비스 컨트롤 관리자 사용) 또는 응용 프로그램에 의해 수동으로만 시작됨을 나타냅니다.</summary>
    </member>
    <member name="T:System.ServiceProcess.ServiceType">
      <summary>서비스 종류를 나타냅니다.</summary>
    </member>
    <member name="F:System.ServiceProcess.ServiceType.Adapter">
      <summary>자체 드라이버가 필요한 하드웨어 장치를 위한 서비스입니다.</summary>
    </member>
    <member name="F:System.ServiceProcess.ServiceType.FileSystemDriver">
      <summary>커널 장치 드라이버이기도 한 파일 시스템 드라이버입니다.</summary>
    </member>
    <member name="F:System.ServiceProcess.ServiceType.InteractiveProcess">
      <summary>데스크톱과 통신할 수 있는 서비스입니다.</summary>
    </member>
    <member name="F:System.ServiceProcess.ServiceType.KernelDriver">
      <summary>하드 디스크 또는 다른 하위 수준 하드웨어 장치 드라이버 등의 커널 장치 드라이버입니다.</summary>
    </member>
    <member name="F:System.ServiceProcess.ServiceType.RecognizerDriver">
      <summary>시스템을 시작할 때 시스템에 있는 파일 시스템을 확인하는 데 사용되는 파일 시스템 드라이버입니다.</summary>
    </member>
    <member name="F:System.ServiceProcess.ServiceType.Win32OwnProcess">
      <summary>서비스 컨트롤러에 의해 시작될 수 있으며 서비스 컨트롤 프로토콜을 따르는 Win32 프로그램입니다.이 종류의 Win32 서비스는 프로세스에서 자체적으로 실행됩니다.</summary>
    </member>
    <member name="F:System.ServiceProcess.ServiceType.Win32ShareProcess">
      <summary>다른 Win32 서비스와 프로세스를 공유할 수 있는 Win32 서비스입니다.</summary>
    </member>
    <member name="T:System.ServiceProcess.TimeoutException">
      <summary>지정된 시간이 만료될 때 throw되는 예외입니다.</summary>
    </member>
    <member name="M:System.ServiceProcess.TimeoutException.#ctor">
      <summary>메시지 텍스트를 사용하지 않고 <see cref="T:System.ServiceProcess.TimeoutException" /> 클래스의 새 인스턴스를 초기화합니다.</summary>
    </member>
    <member name="M:System.ServiceProcess.TimeoutException.#ctor(System.String)">
      <summary>지정된 메시지 텍스트를 사용하여 <see cref="T:System.ServiceProcess.TimeoutException" /> 클래스의 새 인스턴스를 초기화합니다.</summary>
      <param name="message">예외의 형식 또는 원인을 설명하는 텍스트입니다.</param>
    </member>
    <member name="M:System.ServiceProcess.TimeoutException.#ctor(System.String,System.Exception)">
      <summary>지정된 메시지 텍스트와 내부 예외를 사용하여 <see cref="T:System.ServiceProcess.TimeoutException" /> 클래스의 새 인스턴스를 초기화합니다.</summary>
      <param name="message">예외의 형식 또는 원인을 설명하는 텍스트입니다.</param>
      <param name="innerException">현재 예외를 발생시킨 예외입니다. </param>
    </member>
  </members>
</doc>