﻿<?xml version="1.0" encoding="utf-8"?>
<CODISUtilGenericData>
  <UtilGenericData>
    <Key>TrainingMode</Key>
    <Name>Training Mode have fly out enabled</Name>
    <Value>On</Value>
  </UtilGenericData>
  <UtilGenericData>
    <Key>VSLocation</Key>
    <Name>VS 2019</Name>
    <Value>C:\Program Files (x86)\Microsoft Visual Studio\2019\Enterprise\Common7\IDE\devenv.exe</Value>
  </UtilGenericData>
  <UtilGenericData>
    <Key>VSLocation</Key>
    <Name>VS 2022</Name>
    <Value>C:\Program Files\Microsoft Visual Studio\2022\Enterprise\Common7\IDE\devenv.exe</Value>
  </UtilGenericData>
  <UtilGenericData>
    <Key>SQLServerLocation</Key>
    <Name>SQL server</Name>
    <Value>C:\Program Files (x86)\Microsoft SQL Server Management Studio 18\Common7\IDE\Ssms.exe</Value>
  </UtilGenericData>
  <UtilGenericData>
    <Key>MSBuild_exe</Key>
    <Name>VS 2019</Name>
    <Value> C:\Program Files (x86)\Microsoft Visual Studio\2019\Enterprise\MSBuild\Current\Bin\MSBuild.exe</Value>
  </UtilGenericData>
  <UtilGenericData>
    <Key>MSBuild_exe</Key>
    <Name>VS 2022</Name>
    <Value>C:\Program Files\Microsoft Visual Studio\2022\Enterprise\MSBuild\Current\Bin\MSBuild.exe</Value>
  </UtilGenericData>
  <UtilGenericData>
    <Key>tf_exe</Key>
    <Name>Local TFS Executable</Name>
    <Value>C:\Program Files\Microsoft Visual Studio\2022\Enterprise\Common7\IDE\CommonExtensions\Microsoft\TeamFoundation\Team Explorer\tf.exe</Value>
  </UtilGenericData>
  <UtilGenericData>
    <Key>powershell_iseLocation</Key>
    <Name>PowerShell</Name>
    <Value>C:\WINDOWS\system32\WindowsPowerShell\v1.0\powershell_ise.exe</Value>
  </UtilGenericData>
  <UtilGenericData>
    <Key>JetBrainRider</Key>
    <Name>Rider</Name>
    <Value>C:\Program Files\JetBrains\JetBrains Rider 2021.1.3\bin\rider64.exe</Value>
  </UtilGenericData>
  <UtilGenericData>
    <Key>CODISVersion</Key>
    <Name> Please Select </Name>
    <Value />
  </UtilGenericData>
  <UtilGenericData>
    <Key>CODISVersion</Key>
    <Name>Trunk</Name>
    <Value>13</Value>
  </UtilGenericData>
  <UtilGenericData>
    <Key>CODISVersion</Key>
    <Name>CODIS_11.0</Name>
    <Value>11</Value>
  </UtilGenericData>
  <UtilGenericData>
    <Key>CODISVersion</Key>
    <Name>CODIS_12</Name>
    <Value>12</Value>
  </UtilGenericData>
  <UtilGenericData>
    <Key>CODISVersion</Key>
    <Name>Aspen</Name>
    <Value>11,12,13</Value>
  </UtilGenericData>
  <UtilGenericData>
    <Key>CODISVersion</Key>
    <Name>Larch</Name>
    <Value>11,12,13</Value>
  </UtilGenericData>
  <UtilGenericData>
    <Key>CODISVersion</Key>
    <Name>Maple</Name>
    <Value>11,12,13</Value>
  </UtilGenericData>
 <UtilGenericData>
    <Key>CODISVersion</Key>
    <Name>Baobab</Name>
    <Value>13</Value>
  </UtilGenericData>
  <UtilGenericData>
    <Key>CODISDBType</Key>
    <Name>SDIS</Name>
    <Value>DCFBIWAD1</Value>
  </UtilGenericData>
  <UtilGenericData>
    <Key>CODISDBType</Key>
    <Name>New Install</Name>
    <Value>DCFBIWAD7</Value>
  </UtilGenericData>
  <UtilGenericData>
    <Key>CODISDBType</Key>
    <Name>Prunm</Name>
    <Value>ESNESTADO</Value>
  </UtilGenericData>
  <UtilGenericData>
    <Key>CODISDBType</Key>
    <Name>NDIS</Name>
    <Value>DCFBINDIS</Value>
  </UtilGenericData>
  <UtilGenericData>
    <Key>PSScriptUpdateCODISVersion</Key>
    <Name>Update CODIS Version</Name>
    <Value>#Please open as administrator
$NewVersion = '???'
$NewVersion = $NewVersion + ".0.0.0"
Set-ItemProperty -Path 'HKLM:\SOFTWARE\CODIS' -Name 'Version' -Value $NewVersion;
Set-ItemProperty -Path 'HKLM:\SOFTWARE\CODIS' -Name 'CurrentVersion' -Value $NewVersion;
		</Value>
  </UtilGenericData>
  <UtilGenericData>
    <Key>UPDVersionInRegistry</Key>
    <Name>Update CODIS version In Registry</Name>
    <Value>Windows Registry Editor Version 5.00
[HKEY_LOCAL_MACHINE\SOFTWARE\CODIS]
"Version"="???.0.0.0"
"CurrentVersion"="???.0.0.0"
		</Value>
  </UtilGenericData>
  <UtilGenericData>
    <Key>PSScriptGetLatestCompileCODIS</Key>
    <Name>Compile CODIS</Name>
    <Value>Set-ExecutionPolicy -Scope CurrentUser  -ExecutionPolicy Bypass -Force
Set-Alias buildCode "???MSBuild_exe"
Set-Alias tf "???tf_exe"
#get the latest
tf get TrunkPath??? /recursive
#Clear temp directory
try{
$LocalRepo = Get-Item -Path Env:* | where  {$_.Name -eq 'LocalRepo'}   
$target3 = $env:USERPROFILE + "\AppData\Local\Temp\*"
$target1 = $LocalRepo.Value  + "\Source\Product\Debug\*"
$target2 = $LocalRepo.Value  + "\Source\Product\Release\*"
$target4 = $LocalRepo.Value  + "\Source\Product\CODIS.Tests.AcceptanceTests\obj\x64\Debug"
$target5 = $LocalRepo.Value  + "\Source\Product\.vs"

Remove-Item $target1   -Recurse -Force  #-errorAction SilentlyContinue
Remove-Item $target2  -Recurse -Force  #-errorAction SilentlyContinue
Remove-Item $target4  -Recurse -Force  #-errorAction SilentlyContinue

#target3 and target5 Cleaning up is optional most of the time you don't need to.
#Remove-Item $target3  -Recurse -Force  #-errorAction SilentlyContinue
#Remove-Item $target5  -Recurse -Force  #-errorAction SilentlyContinue


$host.ui.WriteLine("Completed Cleaning up dll (Debug/Release/Temp")
Remove-Item -Path $($LocalRepo.Value +"\Source\Product\CODIS.Tests.AcceptanceTests") -Include *feature.cs -Recurse #-errorAction SilentlyContinue
$host.ui.WriteLine("Completed Cleaning specflow (*.feature.cs)")
} 
catch
{ 
$host.ui.WriteLine($_)
$host.ui.WriteLine("***unsuccessful due to Application is still running or insufficient permission")
}
#Get-ChildItem  -Path $($LocalRepo.Value ) -Include *feature.cs -Recurse 
#Build the latest
cls
buildCode TrunkPath???\Source\Product\CODIS.sln /t:OptBuild??? /p:Configuration=Debug /p:Platform=x64 -m
		</Value>
  </UtilGenericData>
  <UtilGenericData>
    <Key>PSScriptGetLatestCompileISG</Key>
    <Name>Compile ISG</Name>
    <Value>"************* Get the latest Code for ISG ***********"
Set-Alias buildCode "???MSBuild_exe"
Set-Alias tf "???tf_exe"
cls
#//get the latest
tf get TrunkPath???\CISG /recursive
#// Build the latest ISG and IS
buildCode TrunkPath???\Source\Product\CODIS.sln /t:OptBuild??? /p:Configuration=Debug /p:Platform=x64 -m
buildCode TrunkPath???\CISG\CISG.sln  /t:OptBuild??? /p:Configuration=Debug /p:Platform=x64 -m
		</Value>
  </UtilGenericData>
  <UtilGenericData>
    <Key>PSScriptGetLatestCompileRapid</Key>
    <Name>Compile Rapid</Name>
    <Value>"************* Get the latest Code for rapid ***********"
Set-Alias buildCode "???MSBuild_exe"
Set-Alias tf "???tf_exe"
cls
#//get the latest
tf get CREPath???\ /recursive
#// Build the latest Rapid
buildCode CREPath???\Source\Rapid.Workstation\Rapid.Workstation.sln  /t:OptBuild??? /p:Configuration=Debug /p:Platform=x64 -m
		</Value>
  </UtilGenericData>
  <UtilGenericData>
    <Key>DefaultATDBSetting</Key>
    <Name>Give me Admin access to this CODIS database</Name>
    <Value>declare @userName varchar(50)= suser_sname();
declare @fName varchar(50);
declare @lName varchar(50);
declare @state varchar(15) = (SELECT top 1 State_CD FROM  CODIS_Domain)
declare @lab varchar(15) = (SELECT top 1 Lab_CD FROM  CODIS_Domain)
set @userName = stuff(@userName, 1, charindex('\', @userName), '');
set @lName = stuff(@userName, 1, charindex('.', @userName), '')
set @fName = Replace(@userName,'.'+ @lName, '')

ALTER TABLE codis.dbo.[GDIS_User]
NOCHECK CONSTRAINT FK_GDISUser_StateCD_LabCD__Lab_StateCD_LabCD

if not exists (select 1 from codis.dbo.[GDIS_User] where User_ID = @userName)
INSERT INTO [dbo].[GDIS_User]
(User_CD,
[User_ID]
,[State_CD]
,[Lab_CD]
,[Role_CD]
,[Start_Dt]
,[Stop_Dt]
,[User_Fname]
,[User_Minit]
,[User_LName])
 VALUES(1000,
 @userName
,@state
,@lab
,1 --CODIS Administrator; 2-CODIS Analyst; 3-Non-host User
,getdate()
,null
,@fName
,'X'
,@lName)</Value>
  </UtilGenericData>
  <UtilGenericData>
    <Key>DefaultATDBSetting</Key>
    <Name>Disable IS services</Name>
    <Value>update CODIS_AppConfigSettings set AttributeValue = 0  where AttributeName = 'Specimen_Deletion'
update CODIS_AppConfigSettings set AttributeValue = 0 where AttributeName = 'Specimen_Enrollment'
update CODIS_AppConfigSettings set AttributeValue = 0 where AttributeName = 'Specimen_Modification'
update CODIS_AppConfigSettings set AttributeValue = 0 where AttributeName = 'Specimen_Query'
update CODIS_AppConfigSettings set AttributeValue = 0 where AttributeName = 'Specimen_Search'
UPDATE CODIS_AppConfigSettings SET AttributeValue = 0 WHERE AttributeName = 'Match_Query';
		</Value>
  </UtilGenericData>
  <UtilGenericData>
    <Key>DefaultATDBSetting</Key>
    <Name>Match Database version with local machine Registry</Name>
    <Value>--??? will be replaced dynamically by the selected code version. Don't change it.
update DB_Version set gdis_version = '???.0.0.0' where  Date_This_Action = (select max(Date_This_Action) from DB_Version)
update CODIS_Version set Build = '???.0.0.0' where  Version_CD = (select max(Version_CD) from CODIS_Version)</Value>
  </UtilGenericData>
  <UtilGenericData>
    <Key>FrequentlyUseSQL</Key>
    <Name>4-Change to Analyst role</Name>
    <Value>declare @userName varchar(50)= suser_sname();
declare @fName varchar(50);
declare @lName varchar(50);
set @userName = stuff(@userName, 1, charindex('\', @userName), '');
Update codis.dbo.[GDIS_User] set
	Role_CD = 2, --admin: 1 Nonehost:3 Analyst:2
	State_CD=12 --DC:12 CA:7; for oversea Spain :80, Netherlands:75
	where user_id = @userName;		</Value>
  </UtilGenericData>
  <UtilGenericData>
    <Key>FrequentlyUseSQL</Key>
    <Name>5-Swap your user Role example</Name>
    <Value>declare @userName varchar(50)= suser_sname();
declare @fName varchar(50);
declare @lName varchar(50);
set @userName = stuff(@userName, 1, charindex('\', @userName), '');
Update codis.dbo.[GDIS_User] set user_id = 'Usertemp' where user_id = @userName
Update codis.dbo.[GDIS_User] set user_id = @userName where user_id in ('CAdminDevSupA')
Update codis.dbo.[GDIS_User] set user_id = 'CAdminDevSupA' where user_id in ('Usertemp')
select * from codis.dbo.[GDIS_User] where user_id in @userName, 'CAdminDevSupA')
		</Value>
  </UtilGenericData>
  <UtilGenericData>
    <Key>ISG_exeLocation</Key>
    <Name>ISG executable</Name>
    <Value>CISG\CISG\bin\x64\Debug</Value>
  </UtilGenericData>
  <UtilGenericData>
    <Key>CREPath</Key>
    <Name>C:\Proj\R\CRE\CRE_3</Name>
    <Value>CRE 3.0</Value>
  </UtilGenericData>
  <UtilGenericData>
    <Key>CREPath</Key>
    <Name>C:\Proj\R\CRE\Trunk</Name>
    <Value>RE Trunk</Value>
  </UtilGenericData>
  <UtilGenericData>
    <Key>FrequentlyUseSQL</Key>
    <Name>1- Enable IS services</Name>
    <Value>update CODIS_AppConfigSettings set AttributeValue = 1  where AttributeName = 'Specimen_Deletion'
update CODIS_AppConfigSettings set AttributeValue = 1 where AttributeName = 'Specimen_Enrollment'
update CODIS_AppConfigSettings set AttributeValue = 1 where AttributeName = 'Specimen_Modification'
update CODIS_AppConfigSettings set AttributeValue = 1 where AttributeName = 'Specimen_Query'
update CODIS_AppConfigSettings set AttributeValue = 1 where AttributeName = 'Specimen_Search'
UPDATE CODIS_AppConfigSettings SET AttributeValue = 1 WHERE AttributeName = 'Match_Query';
		</Value>
  </UtilGenericData>
  <UtilGenericData>
    <Key>FrequentlyUseSQL</Key>
    <Name>2- Set Message Auto Execution Service timer to 1 minute (by default)</Name>
    <Value>Update CODIS_AppConfigSettings set AttributeValue = 1
where AttributeName = 'AutoExecuteTimer' and
ApplicationName = 'MessageService'</Value>
  </UtilGenericData>
  <UtilGenericData>
    <Key>Environment Variables</Key>
    <Name>LocalRepo</Name>
    <Value>C:\Proj\R\CODIS</Value>
  </UtilGenericData>
  <UtilGenericData>
    <Key>Environment Variables</Key>
    <Name>MV</Name>
    <Value>C:\CODIS\</Value>
  </UtilGenericData>
</CODISUtilGenericData>