﻿<?xml version="1.0" encoding="utf-8" ?>
<Computers>
  <Computer>
    <Id>1</Id>
    <Name>Localhost</Name>
    <IpAddress>127.0.0.0</IpAddress>
    <Environment>Local Machine</Environment>
  </Computer>
  <Computer>
    <Id>2</Id>
    <Name>FBI1ICASP08</Name>
    <IpAddress>192.168.32.XX</IpAddress>
    <Environment>AT Machine</Environment>
  </Computer>
  <Computer>
    <Id>3</Id>
    <Name>FBI1ICASP09</Name>
    <IpAddress>192.168.32.XX</IpAddress>
    <Environment>AT Machine</Environment>
  </Computer>
  <Computer>
    <Id>4</Id>
    <Name>FBI1ICASP10</Name>
    <IpAddress>192.168.32.XX</IpAddress>
    <Environment>AT Machine</Environment>
  </Computer>
  <Computer>
    <Id>5</Id>
    <Name>FBI1ICASP11</Name>
    <IpAddress>192.168.32.XX</IpAddress>
    <Environment>AT Machine</Environment>
  </Computer>
  <Computer>
    <Id>6</Id>
    <Name>FBI1ICASP12</Name>
    <IpAddress>192.168.32.XX</IpAddress>
    <Environment>AT Machine</Environment>
  </Computer>
  <Computer>
    <Id>7</Id>
    <Name>FBI1ICASP13</Name>
    <IpAddress>192.168.32.XX</IpAddress>
    <Environment>AT Machine</Environment>
  </Computer>
  <Computer>
    <Id>8</Id>
    <Name>FBI1ICASP19</Name>
    <IpAddress>192.168.32.XX</IpAddress>
    <Environment>AT Machine</Environment>
  </Computer>
  <Computer>
    <Id>9</Id>
    <Name>FBI1ICASP20</Name>
    <IpAddress>192.168.32.XX</IpAddress>
    <Environment>AT Machine</Environment>
  </Computer>
  <Computer>
    <Id>10</Id>
    <Name>FBI1ICASP21</Name>
    <IpAddress>192.168.32.XX</IpAddress>
    <Environment>AT Machine</Environment>
  </Computer>
  <Computer>
    <Id>11</Id>
    <Name>FBI1ICASP29</Name>
    <IpAddress>192.168.32.XX</IpAddress>
    <Environment>AT Machine</Environment>
  </Computer>
  <Computer>
    <Id>12</Id>
    <Name>FBI1ICASP30</Name>
    <IpAddress>192.168.32.XX</IpAddress>
    <Environment>AT Machine</Environment>
  </Computer>
  <Computer>
    <Id>13</Id>
    <Name>FBI1ICASP31</Name>
    <IpAddress>192.168.32.XX</IpAddress>
    <Environment>AT Machine</Environment>
  </Computer>
  <Computer>
    <Id>14</Id>
    <Name>FBI1ICASP32</Name>
    <IpAddress>192.168.32.XX</IpAddress>
    <Environment>AT Machine</Environment>
  </Computer>
  <Computer>
    <Id>15</Id>
    <Name>FBI1ICASP33</Name>
    <IpAddress>192.168.32.XX</IpAddress>
    <Environment>AT Machine</Environment>
  </Computer>
  <Computer>
    <Id>16</Id>
    <Name>FBI1ICASP34</Name>
    <IpAddress>192.168.32.XX</IpAddress>
    <Environment>AT Machine</Environment>
  </Computer>
  <Computer>
    <Id>17</Id>
    <Name>FBI1ICASP35</Name>
    <IpAddress>192.168.32.XX</IpAddress>
    <Environment>AT Machine</Environment>
  </Computer>
  <Computer>
    <Id>18</Id>
    <Name>FBI1ICASP36</Name>
    <IpAddress>192.168.32.XX</IpAddress>
    <Environment>AT Machine</Environment>
  </Computer>
  <Computer>
    <Id>19</Id>
    <Name>FBI1ICASP37</Name>
    <IpAddress>192.168.32.XX</IpAddress>
    <Environment>AT Machine</Environment>
  </Computer>
  <Computer>
    <Id>20</Id>
    <Name>FBI1ICASP38</Name>
    <IpAddress>192.168.32.XX</IpAddress>
    <Environment>AT Machine</Environment>
  </Computer>
  <Computer>
    <Id>21</Id>
    <Name>FBI1ICASP43</Name>
    <IpAddress>192.168.32.XX</IpAddress>
    <Environment>AT Machine</Environment>
  </Computer>
  <Computer>
    <Id>22</Id>
    <Name>FBI1ICASP44</Name>
    <IpAddress>192.168.32.XX</IpAddress>
    <Environment>AT Machine</Environment>
  </Computer>
  <Computer>
    <Id>23</Id>
    <Name>FBI1ICASP47</Name>
    <IpAddress>192.168.32.XX</IpAddress>
    <Environment>AT Machine</Environment>
  </Computer>
  <Computer>
    <Id>24</Id>
    <Name>FBI1ICASP48</Name>
    <IpAddress>192.168.32.XX</IpAddress>
    <Environment>AT Machine</Environment>
  </Computer>
  <Computer>
    <Id>25</Id>
    <Name>FBI1ICASP49</Name>
    <IpAddress>192.168.32.XX</IpAddress>
    <Environment>AT Machine</Environment>
  </Computer>
  <Computer>
    <Id>2</Id>
    <Name>FBI1ICASP50</Name>
    <IpAddress>192.168.32.XX</IpAddress>
    <Environment>AT Machine</Environment>
  </Computer>
  <Computer>
    <Id>26</Id>
    <Name>FBI1ICASP51</Name>
    <IpAddress>192.168.32.XX</IpAddress>
    <Environment>AT Machine</Environment>
  </Computer>
  <Computer>
    <Id>27</Id>
    <Name>FBI1ICASP52</Name>
    <IpAddress>192.168.32.XX</IpAddress>
    <Environment>AT Machine</Environment>
  </Computer>
  <Computer>
    <Id>28</Id>
    <Name>FBI1ICASP53</Name>
    <IpAddress>192.168.32.XX</IpAddress>
    <Environment>AT Machine</Environment>
  </Computer>
  <Computer>
    <Id>29</Id>
    <Name>FBI1ICASP54</Name>
    <IpAddress>192.168.32.XX</IpAddress>
    <Environment>AT Machine</Environment>
  </Computer>
  <Computer>
    <Id>30</Id>
    <Name>FBI1ICASP55</Name>
    <IpAddress>192.168.32.XX</IpAddress>
    <Environment>AT Machine</Environment>
  </Computer>
  <Computer>
    <Id>31</Id>
    <Name>FBI1ICASP56</Name>
    <IpAddress>192.168.32.XX</IpAddress>
    <Environment>AT Machine</Environment>
  </Computer>
  <Computer>
    <Id>32</Id>
    <Name>FBI1ICASP57</Name>
    <IpAddress>192.168.32.XX</IpAddress>
    <Environment>AT Machine</Environment>
  </Computer>
  <Computer>
    <Id>33</Id>
    <Name>FBI1ICASP58</Name>
    <IpAddress>192.168.32.XX</IpAddress>
    <Environment>AT Machine</Environment>
  </Computer>
  <Computer>
    <Id>34</Id>
    <Name>FBI1ICASP59</Name>
    <IpAddress>192.168.32.XX</IpAddress>
    <Environment>AT Machine</Environment>
  </Computer>
  <Computer>
    <Id>35</Id>
    <Name>FBI1ICASP60</Name>
    <IpAddress>192.168.32.XX</IpAddress>
    <Environment>AT Machine</Environment>
  </Computer>
  <Computer>
    <Id>36</Id>
    <Name>FBI1ICASP61</Name>
    <IpAddress>192.168.32.XX</IpAddress>
    <Environment>AT Machine</Environment>
  </Computer>
  <Computer>
    <Id>2</Id>
    <Name>FBI1ICASP62</Name>
    <IpAddress>192.168.32.XX</IpAddress>
    <Environment>AT Machine</Environment>
  </Computer>
  <Computer>
    <Id>37</Id>
    <Name>FBI1ICASP63</Name>
    <IpAddress>192.168.32.XX</IpAddress>
    <Environment>AT Machine</Environment>
  </Computer>
  <Computer>
    <Id>38</Id>
    <Name>FBI1ICASP64</Name>
    <IpAddress>192.168.32.XX</IpAddress>
    <Environment>AT Machine</Environment>
  </Computer>
  <Computer>
    <Id>39</Id>
    <Name>FBI1ICASP65</Name>
    <IpAddress>192.168.32.XX</IpAddress>
    <Environment>AT Machine</Environment>
  </Computer>
  <Computer>
    <Id>40</Id>
    <Name>FBI1ICASP66</Name>
    <IpAddress>192.168.32.XX</IpAddress>
    <Environment>AT Machine</Environment>
  </Computer>
  <Computer>
    <Id>41</Id>
    <Name>FBI1ICASP67</Name>
    <IpAddress>192.168.32.XX</IpAddress>
    <Environment>AT Machine</Environment>
  </Computer>
  <Computer>
    <Id>42</Id>
    <Name>FBI1ICASP68</Name>
    <IpAddress>192.168.32.XX</IpAddress>
    <Environment>AT Machine</Environment>
  </Computer>
  <Computer>
    <Id>43</Id>
    <Name>FBI1ICASP69</Name>
    <IpAddress>192.168.32.XX</IpAddress>
    <Environment>AT Machine</Environment>
  </Computer>
  <Computer>
    <Id>44</Id>
    <Name>FBI1ICASP70</Name>
    <IpAddress>192.168.32.XX</IpAddress>
    <Environment>AT Machine</Environment>
  </Computer>
  <Computer>
    <Id>45</Id>
    <Name>FBI1ICASP71</Name>
    <IpAddress>192.168.32.XX</IpAddress>
    <Environment>AT Machine</Environment>
  </Computer>
</Computers>